product_id,cache_key,recommendation_hash,used_fallback,executive_summary_ar_short,executive_summary_ar,reasoning_ar,recommended_action_ar_genai,expected_impact_ar,risk_note_ar,genai_confidence_level
105,105::23d3b1c8a06bda6680762bee7a640ee7,23d3b1c8a06bda6680762bee7a640ee7,False,تحسين الثقة للمنتج عبر المراجعات والتقييمات,يحتاج المنتج إلى تحسين الثقة عبر زيادة المراجعات والتقييمات وعناصر الاثبات، حيث أن عدد المراجعات أقل من المنتجات المشابهة.,المنتج لا يحصل على عدد كافٍ من الزيارات خلال الفترة المختارة، وعدد الصور أقل من المنافسين، وعدد المراجعات أقل من المنتجات المشابهة.,عزز الثقة عبر زيادة المراجعات والتقييمات وعناصر الاثبات.,يمكن أن يؤدي تحسين الثقة إلى زيادة المبيعات والتحويلات.,في حالة عدم تحسين الثقة، قد يؤدي ذلك إلى انخفاض المبيعات والتحويلات.,High
124,124::864eabb2b0024d5d1f66699255ce41f2,864eabb2b0024d5d1f66699255ce41f2,False,المنتج كاميرا ميرورليس - اصدار خاص يعاني من انسحاب مرتفع بعد الإضافة للسلة,يُظهر المنتج كاميرا ميرورليس - اصدار خاص أداءً متوسّطًا مع انسحاب مرتفع بعد الإضافة للسلة. السعر أعلى من متوسط المنتجات المماثلة، وتقييم المنتج أقل من المتوسط، كما أن هناك فرصًا لتحسين المحتوى والصور.,يُظهر التحليل أن المنتج يعاني من انسحاب مرتفع بعد الإضافة للسلة، ويُحتاج إلى تحسين قيمة المنتج وتقليل الأسباب التي تؤدي إلى الانسحاب قبل الشراء. كما يُظهر السعر أعلى من متوسط المنتجات المماثلة، وتقييم المنتج أقل من المتوسط.,افحص تعثر ما بعد الاضافة للسلة وخفف اسباب الانسحاب قبل الشراء.,من المتوقع أن يؤدي تحسين قيمة المنتج وتقليل الأسباب التي تؤدي إلى الانسحاب إلى زيادة التحويلات وزيادة المبيعات.,هناك مخاطر متعلقة بتراجع المبيعات إذا لم يتم تحسين قيمة المنتج وتقليل الأسباب التي تؤدي إلى الانسحاب.,High
169,169::c4afeb2140cfd574ee0df7c91b1f16c2,c4afeb2140cfd574ee0df7c91b1f16c2,True,فستان سهره انيق - اصدار خاص: اولوية Medium بسبب conversion_friction.,المنتج فستان سهره انيق - اصدار خاص مصنف باولوية Medium ويرتبط سبب التحسين الرئيسي بمحور conversion_friction.,"يعتمد هذا التفسير على مخرجات الطبقة الرابعة فقط. السبب التفصيلي الحالي هو: Cart activity exists, but too few cart users convert to buyers. Additional issues detected (conversion_friction | pricing | trust): The product appears overpriced relative to its closest peer group. Also: Ratings or review count trail comparable products..",افحص تعثر ما بعد الاضافة للسلة وخفف اسباب الانسحاب قبل الشراء.,من المتوقع أن يساعد تنفيذ هذه الخطوة على تحسين أداء المنتج ضمن نفس السياق التجاري دون تغيير قرار النظام الأصلي.,يجب قراءة هذا التفسير مع مستوى الثقة الحالي وعدم افتراض أرقام غير موجودة في البيانات.,Medium
134,134::06cce316992043274333e40f4290eb59,06cce316992043274333e40f4290eb59,True,ثلاجه نوفروست 350 لتر - اصدار خاص: اولوية High بسبب conversion_friction.,المنتج ثلاجه نوفروست 350 لتر - اصدار خاص مصنف باولوية High ويرتبط سبب التحسين الرئيسي بمحور conversion_friction.,"يعتمد هذا التفسير على مخرجات الطبقة الرابعة فقط. السبب التفصيلي الحالي هو: Cart activity exists, but too few cart users convert to buyers. Additional issues detected (conversion_friction | pricing | trust | visibility): The product appears overpriced relative to its closest peer group. Also: Ratings or review count trail comparable products. Also: The product receives limited qualified visibility in the selected period..",افحص تعثر ما بعد الاضافة للسلة وخفف اسباب الانسحاب قبل الشراء.,من المتوقع أن يساعد تنفيذ هذه الخطوة على تحسين أداء المنتج ضمن نفس السياق التجاري دون تغيير قرار النظام الأصلي.,يجب قراءة هذا التفسير مع مستوى الثقة الحالي وعدم افتراض أرقام غير موجودة في البيانات.,Medium
185,185::f5ec271e20ec7b9db3611b1c915bae9c,f5ec271e20ec7b9db3611b1c915bae9c,True,سماعات لاسلكيه - اصدار خاص: اولوية Medium بسبب conversion_friction.,المنتج سماعات لاسلكيه - اصدار خاص مصنف باولوية Medium ويرتبط سبب التحسين الرئيسي بمحور conversion_friction.,"يعتمد هذا التفسير على مخرجات الطبقة الرابعة فقط. السبب التفصيلي الحالي هو: Cart activity exists, but too few cart users convert to buyers..",افحص تعثر ما بعد الاضافة للسلة وخفف اسباب الانسحاب قبل الشراء.,من المتوقع أن يساعد تنفيذ هذه الخطوة على تحسين أداء المنتج ضمن نفس السياق التجاري دون تغيير قرار النظام الأصلي.,يجب قراءة هذا التفسير مع مستوى الثقة الحالي وعدم افتراض أرقام غير موجودة في البيانات.,High
181,181::c28ae9f5fbfb96049e7bdfa7c40e9f7b,c28ae9f5fbfb96049e7bdfa7c40e9f7b,True,عطر رجالي عودي - اصدار خاص: اولوية High بسبب pricing.,المنتج عطر رجالي عودي - اصدار خاص مصنف باولوية High ويرتبط سبب التحسين الرئيسي بمحور pricing.,يعتمد هذا التفسير على مخرجات الطبقة الرابعة فقط. السبب التفصيلي الحالي هو: The product appears overpriced relative to its closest peer group. Additional issues detected (pricing | trust | visibility): Ratings or review count trail comparable products. Also: The product receives limited qualified visibility in the selected period..,اختبر سعرا اكثر تنافسية او عرضا ترويجيا موجها مقارنة بالبدائل القريبة.,من المتوقع أن يساعد تنفيذ هذه الخطوة على تحسين أداء المنتج ضمن نفس السياق التجاري دون تغيير قرار النظام الأصلي.,يجب قراءة هذا التفسير مع مستوى الثقة الحالي وعدم افتراض أرقام غير موجودة في البيانات.,Low
61,61::1991a355b9537de04550c61f8ea9f378,1991a355b9537de04550c61f8ea9f378,True,فرن كهربايي 60 لتر - اصدار خاص: اولوية High بسبب pricing.,المنتج فرن كهربايي 60 لتر - اصدار خاص مصنف باولوية High ويرتبط سبب التحسين الرئيسي بمحور pricing.,يعتمد هذا التفسير على مخرجات الطبقة الرابعة فقط. السبب التفصيلي الحالي هو: The product appears overpriced relative to its closest peer group. Additional issues detected (pricing | trust | content | visibility): Ratings or review count trail comparable products. Also: Product content richness or image coverage lags similar products. Also: The product receives limited qualified visibility in the selected period..,اختبر سعرا اكثر تنافسية او عرضا ترويجيا موجها مقارنة بالبدائل القريبة.,من المتوقع أن يساعد تنفيذ هذه الخطوة على تحسين أداء المنتج ضمن نفس السياق التجاري دون تغيير قرار النظام الأصلي.,يجب قراءة هذا التفسير مع مستوى الثقة الحالي وعدم افتراض أرقام غير موجودة في البيانات.,Low
127,127::3002ec77e2ad7b4373e463b17deba8ae,3002ec77e2ad7b4373e463b17deba8ae,True,قميص قطني كلاسيكي - اصدار خاص: اولوية High بسبب trust.,المنتج قميص قطني كلاسيكي - اصدار خاص مصنف باولوية High ويرتبط سبب التحسين الرئيسي بمحور trust.,يعتمد هذا التفسير على مخرجات الطبقة الرابعة فقط. السبب التفصيلي الحالي هو: Ratings or review count trail comparable products. Additional issues detected (trust | visibility): The product receives limited qualified visibility in the selected period..,عزز الثقة عبر زيادة المراجعات والتقييمات وعناصر الاثبات.,من المتوقع أن يساعد تنفيذ هذه الخطوة على تحسين أداء المنتج ضمن نفس السياق التجاري دون تغيير قرار النظام الأصلي.,يجب قراءة هذا التفسير مع مستوى الثقة الحالي وعدم افتراض أرقام غير موجودة في البيانات.,Low
124,124::b96adb105a29169739cf8780cc38d756,b96adb105a29169739cf8780cc38d756,False,المنتج يعاني من انسحاب مرتفع بعد الإضافة للسلة,المنتج كاميرا ميرورليس - اصدار خاص يعاني من انسحاب مرتفع بعد الإضافة للسلة، حيث يظهر أن 14 مستخدمًا أضافوا المنتج إلى سلة التسوق ولكن لم يتم إتمام عملية الشراء.,يبدو أن هناك تعثر ما بعد الإضافة للسلة، حيث يوجد نشاط في سلة التسوق ولكن عدد قليل من مستخدمي السلة يتحولون إلى مشترين. بالإضافة إلى ذلك، يبدو أن المنتج مرتفع السعر مقارنة بمجموعة المنتجات المماثلة.,افحص تعثر ما بعد الاضافة للسلة وخفف اسباب الانسحاب قبل الشراء.,من المتوقع أن يؤدي تحسين عملية الشراء وتقليل الانسحاب إلى زيادة معدل التحويل وزيادة المبيعات.,يوجد خطر انخفاض المبيعات إذا لم يتم تحسين عملية الشراء وتقليل الانسحاب.,High
