product_id,name,category,brand,price,rating,description,image_count,created_at,subcategory,image_url,review_count,display_name,has_image
1,هاتف ذكي برو ماكس,الالكترونيات,ابل,5429.43,3.7,هاتف ذكي برو ماكس بمعالج سريع وذاكره واسعه لتجربه استخدام سلسه ومريحه.,4,2023-01-12 18:11:01,unknown_subcategory,,0,هاتف ذكي برو ماكس,False
2,لابتوب الترا سليم,الالكترونيات,شاومي,6856.93,4.9,يتميز لابتوب الترا سليم بتصميم انيق وبطاريه تدوم طويلا مع شاشه عاليه الدقه.,2,2023-05-09 16:43:34,unknown_subcategory,,0,لابتوب الترا سليم,False
3,سماعات لاسلكيه,الالكترونيات,سامسونج,182.88,3.7,جهاز سماعات لاسلكيه بتقنيه متطوره واداء عال يناسب الاستخدام اليومي والمهني.,8,2023-04-20 15:07:26,unknown_subcategory,,0,سماعات لاسلكيه,False
4,ساعه ذكيه سبورت,الالكترونيات,شاومي,1045.02,4.6,جهاز ساعه ذكيه سبورت بتقنيه متطوره واداء عال يناسب الاستخدام اليومي والمهني.,4,2023-05-31 08:49:08,unknown_subcategory,,0,ساعه ذكيه سبورت,False
5,تابلت 10 انش,الالكترونيات,سامسونج,1043.64,5.0,جهاز تابلت 10 انش بتقنيه متطوره واداء عال يناسب الاستخدام اليومي والمهني.,6,2023-02-18 16:07:59,unknown_subcategory,,0,تابلت 10 انش,False
6,شاشه 4K 27 انش,الالكترونيات,ابل,2618.75,3.1,جهاز شاشه 4K 27 انش بتقنيه متطوره واداء عال يناسب الاستخدام اليومي والمهني.,4,2023-06-03 09:35:43,unknown_subcategory,,0,شاشه 4K 27 انش,False
7,كاميرا ميرورليس,الالكترونيات,ال جي,2063.12,3.5,جهاز كاميرا ميرورليس بتقنيه متطوره واداء عال يناسب الاستخدام اليومي والمهني.,7,2023-03-23 17:49:06,unknown_subcategory,,0,كاميرا ميرورليس,False
8,مكبر صوت بلوتوث,الالكترونيات,ابل,338.12,4.6,مكبر صوت بلوتوث بمعالج سريع وذاكره واسعه لتجربه استخدام سلسه ومريحه.,6,2023-01-22 04:13:42,unknown_subcategory,,0,مكبر صوت بلوتوث,False
9,راوتر واي فاي 6,الالكترونيات,شاومي,864.52,3.1,راوتر واي فاي 6 بمعالج سريع وذاكره واسعه لتجربه استخدام سلسه ومريحه.,6,2023-02-28 13:41:57,unknown_subcategory,,0,راوتر واي فاي 6,False
10,شاحن لاسلكي سريع,الالكترونيات,سامسونج,96.42,4.0,يتميز شاحن لاسلكي سريع بتصميم انيق وبطاريه تدوم طويلا مع شاشه عاليه الدقه.,5,2023-05-14 05:26:45,unknown_subcategory,,0,شاحن لاسلكي سريع,False
11,قميص قطني كلاسيكي,الازياء والملابس,بوما,73.96,3.2,قميص قطني كلاسيكي بخيوط عاليه الجوده ومتاح بالوان متعدده تناسب ذوقك.,3,2023-01-13 18:06:05,unknown_subcategory,,0,قميص قطني كلاسيكي,False
12,فستان سهره انيق,الازياء والملابس,نايكي,378.07,4.2,فستان سهره انيق يجمع بين الراحه والاناقه ليناسب مختلف المناسبات.,5,2023-04-09 04:02:19,unknown_subcategory,,0,فستان سهره انيق,False
13,بنطلون جينز سليم فيت,الازياء والملابس,H&M,342.07,3.2,بنطلون جينز سليم فيت بخيوط عاليه الجوده ومتاح بالوان متعدده تناسب ذوقك.,7,2023-06-20 10:24:26,unknown_subcategory,,0,بنطلون جينز سليم فيت,False
14,عباءه مطرزه فاخره,الازياء والملابس,ماكس فاشون,687.06,4.8,عباءه مطرزه فاخره يجمع بين الراحه والاناقه ليناسب مختلف المناسبات.,4,2023-06-10 16:03:11,unknown_subcategory,,0,عباءه مطرزه فاخره,False
15,حذاء رياضي مريح,الازياء والملابس,اديداس,478.33,3.6,حذاء رياضي مريح يجمع بين الراحه والاناقه ليناسب مختلف المناسبات.,7,2023-02-19 11:52:21,unknown_subcategory,,0,حذاء رياضي مريح,False
16,حقيبه يد جلديه,الازياء والملابس,مانجو,680.77,3.9,حقيبه يد جلديه مصنوع من اجود الخامات لاطلاله عصريه واناقه لافته.,8,2023-01-17 13:49:36,unknown_subcategory,,0,حقيبه يد جلديه,False
17,شال كشمير ناعم,الازياء والملابس,H&M,281.04,3.7,شال كشمير ناعم مصنوع من اجود الخامات لاطلاله عصريه واناقه لافته.,6,2023-01-12 15:31:53,unknown_subcategory,,0,شال كشمير ناعم,False
18,جاكيت شتوي دافي,الازياء والملابس,نايكي,685.51,3.8,جاكيت شتوي دافي بخيوط عاليه الجوده ومتاح بالوان متعدده تناسب ذوقك.,8,2023-03-24 03:01:42,unknown_subcategory,,0,جاكيت شتوي دافي,False
19,تيشيرت بولو قطن,الازياء والملابس,زارا,195.42,4.2,تيشيرت بولو قطن يجمع بين الراحه والاناقه ليناسب مختلف المناسبات.,2,2023-04-23 05:17:43,unknown_subcategory,,0,تيشيرت بولو قطن,False
20,حذاء رسمي جلد,الازياء والملابس,مانجو,600.91,3.4,حذاء رسمي جلد مصنوع من اجود الخامات لاطلاله عصريه واناقه لافته.,4,2023-06-14 03:43:32,unknown_subcategory,,0,حذاء رسمي جلد,False
21,مكيف هواء انفيرتر 18000,المنزل والمطبخ,بوش,2953.99,4.1,مكيف هواء انفيرتر 18000 مناسب للاستخدام المنزلي اليومي بضمان سنتين.,8,2023-04-19 22:17:22,unknown_subcategory,,0,مكيف هواء انفيرتر 18000,False
22,غساله اوتوماتيك 8 كيلو,المنزل والمطبخ,فيليبس,2057.09,4.3,احصل علي غساله اوتوماتيك 8 كيلو الان واستمتع بجوده لا مثيل لها في منزلك.,4,2023-01-06 14:55:53,unknown_subcategory,,0,غساله اوتوماتيك 8 كيلو,False
23,ثلاجه نوفروست 350 لتر,المنزل والمطبخ,اريتي,3803.84,3.7,ثلاجه نوفروست 350 لتر يوفر اداء استثناييا مع توفير للطاقه وسهوله في التشغيل.,8,2023-01-28 19:36:01,unknown_subcategory,,0,ثلاجه نوفروست 350 لتر,False
24,مكنسه كهرباييه لاسلكيه,المنزل والمطبخ,هايسنس,362.63,4.5,مكنسه كهرباييه لاسلكيه يوفر اداء استثناييا مع توفير للطاقه وسهوله في التشغيل.,2,2023-05-25 21:07:58,unknown_subcategory,,0,مكنسه كهرباييه لاسلكيه,False
25,ماكينه قهوه اسبريسو,المنزل والمطبخ,هايسنس,958.76,3.7,ماكينه قهوه اسبريسو مناسب للاستخدام المنزلي اليومي بضمان سنتين.,4,2023-05-21 02:52:51,unknown_subcategory,,0,ماكينه قهوه اسبريسو,False
26,طقم اواني طهي غرانيت,المنزل والمطبخ,بوش,547.5,3.3,احصل علي طقم اواني طهي غرانيت الان واستمتع بجوده لا مثيل لها في منزلك.,2,2023-05-11 20:55:18,unknown_subcategory,,0,طقم اواني طهي غرانيت,False
27,فرن كهربايي 60 لتر,المنزل والمطبخ,توشيبا,1128.13,4.0,فرن كهربايي 60 لتر مناسب للاستخدام المنزلي اليومي بضمان سنتين.,5,2023-02-23 01:02:59,unknown_subcategory,,0,فرن كهربايي 60 لتر,False
28,خلاط كهربايي متعدد الوظايف,المنزل والمطبخ,بوش,207.71,3.2,احصل علي خلاط كهربايي متعدد الوظايف الان واستمتع بجوده لا مثيل لها في منزلك.,7,2023-04-26 04:12:21,unknown_subcategory,,0,خلاط كهربايي متعدد الوظايف,False
29,مجموعه سكاكين مطبخ,المنزل والمطبخ,اريتي,137.26,3.8,احصل علي مجموعه سكاكين مطبخ الان واستمتع بجوده لا مثيل لها في منزلك.,2,2023-01-02 11:49:27,unknown_subcategory,,0,مجموعه سكاكين مطبخ,False
30,مكواه بخاريه احترافيه,المنزل والمطبخ,تيفال,583.67,4.5,مكواه بخاريه احترافيه مناسب للاستخدام المنزلي اليومي بضمان سنتين.,4,2023-01-24 07:10:03,unknown_subcategory,,0,مكواه بخاريه احترافيه,False
31,كريم مرطب SPF 50,الجمال والعنايه,دوف,118.65,3.8,استخدم كريم مرطب SPF 50 يوميا للحصول علي نتايج ملموسه خلال اسبوعين.,3,2023-04-08 03:23:29,unknown_subcategory,,0,كريم مرطب SPF 50,False
32,سيروم فيتامين سي,الجمال والعنايه,بيوتانيا,182.43,4.7,سيروم فيتامين سي مكون من مكونات طبيعيه خاليه من المواد الضاره لبشره اكثر اشراقا.,5,2023-01-04 15:20:30,unknown_subcategory,,0,سيروم فيتامين سي,False
33,مجموعه عنايه بالشعر,الجمال والعنايه,نيفيا,404.5,4.2,استخدم مجموعه عنايه بالشعر يوميا للحصول علي نتايج ملموسه خلال اسبوعين.,5,2023-05-18 18:30:17,unknown_subcategory,,0,مجموعه عنايه بالشعر,False
34,طقم مكياج احترافي,الجمال والعنايه,بالمر,269.1,3.0,طقم مكياج احترافي يغذي البشره ويرطبها طوال اليوم بعطر منعش.,3,2023-06-05 14:25:54,unknown_subcategory,,0,طقم مكياج احترافي,False
35,عطر نسايي زهري,الجمال والعنايه,افينو,790.82,4.8,عطر نسايي زهري مكون من مكونات طبيعيه خاليه من المواد الضاره لبشره اكثر اشراقا.,5,2023-06-13 23:34:56,unknown_subcategory,,0,عطر نسايي زهري,False
36,عطر رجالي عودي,الجمال والعنايه,دوف,703.99,4.0,عطر رجالي عودي يغذي البشره ويرطبها طوال اليوم بعطر منعش.,8,2023-03-02 05:59:03,unknown_subcategory,,0,عطر رجالي عودي,False
37,غسول وجه للبشره الحساسه,الجمال والعنايه,ماك,113.29,3.3,استخدم غسول وجه للبشره الحساسه يوميا للحصول علي نتايج ملموسه خلال اسبوعين.,7,2023-01-23 03:24:09,unknown_subcategory,,0,غسول وجه للبشره الحساسه,False
38,زيت ارغان طبيعي,الجمال والعنايه,ماك,325.54,3.7,استخدم زيت ارغان طبيعي يوميا للحصول علي نتايج ملموسه خلال اسبوعين.,8,2023-05-06 07:58:56,unknown_subcategory,,0,زيت ارغان طبيعي,False
39,قناع وجه كولاجين,الجمال والعنايه,ماك,51.31,3.5,قناع وجه كولاجين مكون من مكونات طبيعيه خاليه من المواد الضاره لبشره اكثر اشراقا.,6,2023-01-30 16:25:29,unknown_subcategory,,0,قناع وجه كولاجين,False
40,مزيل عرق رول اون,الجمال والعنايه,نيفيا,36.51,4.5,مزيل عرق رول اون يغذي البشره ويرطبها طوال اليوم بعطر منعش.,5,2023-05-27 11:58:20,unknown_subcategory,,0,مزيل عرق رول اون,False
41,حذاء جري احترافي,الرياضه واللياقه,هيد,708.68,4.8,حسن اداءك مع حذاء جري احترافي المدعوم باحدث تقنيات اللياقه البدنيه.,7,2023-05-02 06:28:56,unknown_subcategory,,0,حذاء جري احترافي,False
42,لباس رياضي ضاغط,الرياضه واللياقه,ريبوك,162.27,3.1,لباس رياضي ضاغط مصنوع من مواد خفيفه وعاليه التحمل يناسب جميع الانشطه.,7,2023-02-28 19:14:43,unknown_subcategory,,0,لباس رياضي ضاغط,False
43,دراجه هواييه جبليه,الرياضه واللياقه,نايكي,1574.27,3.1,دراجه هواييه جبليه مصنوع من مواد خفيفه وعاليه التحمل يناسب جميع الانشطه.,5,2023-01-08 07:15:44,unknown_subcategory,,0,دراجه هواييه جبليه,False
44,جهاز مشي كهربايي,الرياضه واللياقه,نيو بالانس,1768.56,4.7,جهاز مشي كهربايي مصمم للرياضيين المحترفين والهواه لاداء افضل وتحمل اطول.,6,2023-04-26 08:36:45,unknown_subcategory,,0,جهاز مشي كهربايي,False
45,كره قدم رسميه فيفا,الرياضه واللياقه,هيد,207.67,4.9,حسن اداءك مع كره قدم رسميه فيفا المدعوم باحدث تقنيات اللياقه البدنيه.,2,2023-03-29 07:54:39,unknown_subcategory,,0,كره قدم رسميه فيفا,False
46,حصيره يوغا مضاده للانزلاق,الرياضه واللياقه,اندر ارمور,121.09,4.0,حصيره يوغا مضاده للانزلاق مصمم للرياضيين المحترفين والهواه لاداء افضل وتحمل اطول.,2,2023-03-29 11:35:23,unknown_subcategory,,0,حصيره يوغا مضاده للانزلاق,False
47,اوزان حديد طقم 20 كيلو,الرياضه واللياقه,ريبوك,691.19,3.2,حسن اداءك مع اوزان حديد طقم 20 كيلو المدعوم باحدث تقنيات اللياقه البدنيه.,3,2023-01-08 14:24:55,unknown_subcategory,,0,اوزان حديد طقم 20 كيلو,False
48,حقيبه رياضيه جيم,الرياضه واللياقه,هيد,377.48,4.0,حسن اداءك مع حقيبه رياضيه جيم المدعوم باحدث تقنيات اللياقه البدنيه.,3,2023-03-12 15:53:14,unknown_subcategory,,0,حقيبه رياضيه جيم,False
49,جهاز قياس ضغط الدم,الرياضه واللياقه,نيو بالانس,247.85,4.5,حسن اداءك مع جهاز قياس ضغط الدم المدعوم باحدث تقنيات اللياقه البدنيه.,6,2023-01-11 04:02:27,unknown_subcategory,,0,جهاز قياس ضغط الدم,False
50,عداد خطوات ذكي,الرياضه واللياقه,ريبوك,103.84,3.2,حسن اداءك مع عداد خطوات ذكي المدعوم باحدث تقنيات اللياقه البدنيه.,5,2023-02-25 04:13:15,unknown_subcategory,,0,عداد خطوات ذكي,False
51,كتاب تعلم البرمجه بالعربيه,الكتب والتعليم,دار قرطبه,66.67,4.2,كتاب تعلم البرمجه بالعربيه مرجع شامل ومنقح مناسب للطلاب والباحثين.,4,2023-03-02 05:47:04,unknown_subcategory,,0,كتاب تعلم البرمجه بالعربيه,False
52,موسوعه التاريخ الاسلامي,الكتب والتعليم,نشر المعرفه,108.37,4.4,موسوعه التاريخ الاسلامي مرجع شامل ومنقح مناسب للطلاب والباحثين.,4,2023-04-19 12:45:56,unknown_subcategory,,0,موسوعه التاريخ الاسلامي,False
53,كتاب رياده الاعمال والنجاح,الكتب والتعليم,بنغوين,95.99,4.3,استثمر في كتاب رياده الاعمال والنجاح وطور مهاراتك ومعلوماتك باللغه العربيه.,7,2023-06-27 04:18:56,unknown_subcategory,,0,كتاب رياده الاعمال والنجاح,False
54,قاموس عربي انجليزي شامل,الكتب والتعليم,نشر المعرفه,131.19,3.0,قاموس عربي انجليزي شامل يقدم محتوي ثريا باسلوب سهل ومبسط للقاري العربي.,3,2023-02-11 14:12:36,unknown_subcategory,,0,قاموس عربي انجليزي شامل,False
55,روايه عربيه بيست سيلر,الكتب والتعليم,اكاديميا,41.52,5.0,روايه عربيه بيست سيلر مرجع شامل ومنقح مناسب للطلاب والباحثين.,2,2023-02-27 10:29:27,unknown_subcategory,,0,روايه عربيه بيست سيلر,False
56,دوره برمجه اكاديميه USB,الكتب والتعليم,مكتبه جرير,327.69,4.1,استثمر في دوره برمجه اكاديميه USB وطور مهاراتك ومعلوماتك باللغه العربيه.,6,2023-01-08 07:54:57,unknown_subcategory,,0,دوره برمجه اكاديميه USB,False
57,مجموعه كتب الطفل التعليميه,الكتب والتعليم,دار قرطبه,215.42,3.3,مجموعه كتب الطفل التعليميه مرجع شامل ومنقح مناسب للطلاب والباحثين.,8,2023-05-15 12:53:40,unknown_subcategory,,0,مجموعه كتب الطفل التعليميه,False
58,كتاب الطبخ العربي التقليدي,الكتب والتعليم,دار قرطبه,143.75,3.1,كتاب الطبخ العربي التقليدي يقدم محتوي ثريا باسلوب سهل ومبسط للقاري العربي.,7,2023-05-20 17:30:44,unknown_subcategory,,0,كتاب الطبخ العربي التقليدي,False
59,كتاب تطوير الذات والتحفيز,الكتب والتعليم,اكاديميا,88.07,4.5,كتاب تطوير الذات والتحفيز يقدم محتوي ثريا باسلوب سهل ومبسط للقاري العربي.,3,2023-04-14 16:40:20,unknown_subcategory,,0,كتاب تطوير الذات والتحفيز,False
60,اطلس العالم المصور,الكتب والتعليم,اكاديميا,325.99,3.4,استثمر في اطلس العالم المصور وطور مهاراتك ومعلوماتك باللغه العربيه.,6,2023-03-27 13:19:57,unknown_subcategory,,0,اطلس العالم المصور,False
61,فرن كهربايي 60 لتر - اصدار خاص,المنزل والمطبخ,هايسنس,1462.89,4.5,احصل علي فرن كهربايي 60 لتر - اصدار خاص الان واستمتع بجوده لا مثيل لها في منزلك.,2,2023-06-19 12:29:01,unknown_subcategory,,0,فرن كهربايي 60 لتر - اصدار خاص,False
62,كتاب الطبخ العربي التقليدي - اصدار خاص,الكتب والتعليم,بنغوين,122.09,2.8,استثمر في كتاب الطبخ العربي التقليدي - اصدار خاص وطور مهاراتك ومعلوماتك باللغه العربيه.,1,2023-02-25 08:29:23,unknown_subcategory,,0,كتاب الطبخ العربي التقليدي - اصدار خاص,False
63,حذاء رياضي مريح - اصدار خاص,الازياء والملابس,بوما,557.39,2.9,حذاء رياضي مريح - اصدار خاص يجمع بين الراحه والاناقه ليناسب مختلف المناسبات.,1,2023-06-26 19:15:38,unknown_subcategory,,0,حذاء رياضي مريح - اصدار خاص,False
64,عطر رجالي عودي - اصدار خاص,الجمال والعنايه,لوريال,578.73,3.5,عطر رجالي عودي - اصدار خاص يغذي البشره ويرطبها طوال اليوم بعطر منعش.,2,2023-03-16 23:39:52,unknown_subcategory,,0,عطر رجالي عودي - اصدار خاص,False
65,مكنسه كهرباييه لاسلكيه - اصدار خاص,المنزل والمطبخ,فيليبس,586.82,2.7,احصل علي مكنسه كهرباييه لاسلكيه - اصدار خاص الان واستمتع بجوده لا مثيل لها في منزلك.,6,2023-03-07 02:33:58,unknown_subcategory,,0,مكنسه كهرباييه لاسلكيه - اصدار خاص,False
66,قميص قطني كلاسيكي - اصدار خاص,الازياء والملابس,ليفايز,234.31,3.7,قميص قطني كلاسيكي - اصدار خاص مصنوع من اجود الخامات لاطلاله عصريه واناقه لافته.,6,2023-04-02 02:12:41,unknown_subcategory,,0,قميص قطني كلاسيكي - اصدار خاص,False
67,لابتوب الترا سليم - اصدار خاص,الالكترونيات,سامسونج,3651.66,4.6,لابتوب الترا سليم - اصدار خاص بمعالج سريع وذاكره واسعه لتجربه استخدام سلسه ومريحه.,6,2023-04-29 05:35:12,unknown_subcategory,,0,لابتوب الترا سليم - اصدار خاص,False
68,تابلت 10 انش - اصدار خاص,الالكترونيات,شاومي,1081.84,2.6,يتميز تابلت 10 انش - اصدار خاص بتصميم انيق وبطاريه تدوم طويلا مع شاشه عاليه الدقه.,6,2023-06-04 03:50:16,unknown_subcategory,,0,تابلت 10 انش - اصدار خاص,False
69,لابتوب الترا سليم - اصدار خاص,الالكترونيات,اوبو,5185.33,2.5,لابتوب الترا سليم - اصدار خاص بمعالج سريع وذاكره واسعه لتجربه استخدام سلسه ومريحه.,5,2023-02-16 23:30:48,unknown_subcategory,,0,لابتوب الترا سليم - اصدار خاص,False
70,فرن كهربايي 60 لتر - اصدار خاص,المنزل والمطبخ,فيليبس,1076.29,3.1,فرن كهربايي 60 لتر - اصدار خاص مناسب للاستخدام المنزلي اليومي بضمان سنتين.,2,2023-05-10 00:11:40,unknown_subcategory,,0,فرن كهربايي 60 لتر - اصدار خاص,False
71,حصيره يوغا مضاده للانزلاق - اصدار خاص,الرياضه واللياقه,اديداس,241.15,3.9,حسن اداءك مع حصيره يوغا مضاده للانزلاق - اصدار خاص المدعوم باحدث تقنيات اللياقه البدنيه.,5,2023-01-04 22:45:53,unknown_subcategory,,0,حصيره يوغا مضاده للانزلاق - اصدار خاص,False
72,كريم مرطب SPF 50 - اصدار خاص,الجمال والعنايه,دوف,295.83,3.1,كريم مرطب SPF 50 - اصدار خاص مكون من مكونات طبيعيه خاليه من المواد الضاره لبشره اكثر اشراقا.,3,2023-06-03 02:46:10,unknown_subcategory,,0,كريم مرطب SPF 50 - اصدار خاص,False
73,فستان سهره انيق - اصدار خاص,الازياء والملابس,نايكي,249.37,3.4,فستان سهره انيق - اصدار خاص يجمع بين الراحه والاناقه ليناسب مختلف المناسبات.,6,2023-02-03 23:58:28,unknown_subcategory,,0,فستان سهره انيق - اصدار خاص,False
74,كتاب الطبخ العربي التقليدي - اصدار خاص,الكتب والتعليم,اكاديميا,132.13,4.5,كتاب الطبخ العربي التقليدي - اصدار خاص مرجع شامل ومنقح مناسب للطلاب والباحثين.,6,2023-05-31 17:18:33,unknown_subcategory,,0,كتاب الطبخ العربي التقليدي - اصدار خاص,False
75,تابلت 10 انش - اصدار خاص,الالكترونيات,شاومي,670.09,3.0,جهاز تابلت 10 انش - اصدار خاص بتقنيه متطوره واداء عال يناسب الاستخدام اليومي والمهني.,3,2023-03-02 05:03:30,unknown_subcategory,,0,تابلت 10 انش - اصدار خاص,False
76,حقيبه رياضيه جيم - اصدار خاص,الرياضه واللياقه,نيو بالانس,110.25,4.1,حقيبه رياضيه جيم - اصدار خاص مصنوع من مواد خفيفه وعاليه التحمل يناسب جميع الانشطه.,3,2023-06-17 09:51:24,unknown_subcategory,,0,حقيبه رياضيه جيم - اصدار خاص,False
77,دوره برمجه اكاديميه USB - اصدار خاص,الكتب والتعليم,الوراق,193.57,3.4,دوره برمجه اكاديميه USB - اصدار خاص يقدم محتوي ثريا باسلوب سهل ومبسط للقاري العربي.,6,2023-03-27 09:19:16,unknown_subcategory,,0,دوره برمجه اكاديميه USB - اصدار خاص,False
78,عطر رجالي عودي - اصدار خاص,الجمال والعنايه,نارس,637.27,3.7,استخدم عطر رجالي عودي - اصدار خاص يوميا للحصول علي نتايج ملموسه خلال اسبوعين.,3,2023-06-05 13:37:14,unknown_subcategory,,0,عطر رجالي عودي - اصدار خاص,False
79,سيروم فيتامين سي - اصدار خاص,الجمال والعنايه,دوف,421.1,4.6,استخدم سيروم فيتامين سي - اصدار خاص يوميا للحصول علي نتايج ملموسه خلال اسبوعين.,3,2023-03-04 08:57:13,unknown_subcategory,,0,سيروم فيتامين سي - اصدار خاص,False
80,ماكينه قهوه اسبريسو - اصدار خاص,المنزل والمطبخ,اريتي,996.58,4.3,ماكينه قهوه اسبريسو - اصدار خاص يوفر اداء استثناييا مع توفير للطاقه وسهوله في التشغيل.,6,2023-03-28 04:45:46,unknown_subcategory,,0,ماكينه قهوه اسبريسو - اصدار خاص,False
81,شاشه 4K 27 انش - اصدار خاص,الالكترونيات,لينوفو,1613.84,5.0,جهاز شاشه 4K 27 انش - اصدار خاص بتقنيه متطوره واداء عال يناسب الاستخدام اليومي والمهني.,1,2023-05-11 07:56:37,unknown_subcategory,,0,شاشه 4K 27 انش - اصدار خاص,False
82,مجموعه سكاكين مطبخ - اصدار خاص,المنزل والمطبخ,ديلونجي,482.06,2.9,احصل علي مجموعه سكاكين مطبخ - اصدار خاص الان واستمتع بجوده لا مثيل لها في منزلك.,6,2023-06-01 17:10:39,unknown_subcategory,,0,مجموعه سكاكين مطبخ - اصدار خاص,False
83,فستان سهره انيق - اصدار خاص,الازياء والملابس,ماكس فاشون,584.83,3.4,فستان سهره انيق - اصدار خاص يجمع بين الراحه والاناقه ليناسب مختلف المناسبات.,5,2023-01-07 06:55:35,unknown_subcategory,,0,فستان سهره انيق - اصدار خاص,False
84,كتاب الطبخ العربي التقليدي - اصدار خاص,الكتب والتعليم,بنغوين,98.36,4.4,استثمر في كتاب الطبخ العربي التقليدي - اصدار خاص وطور مهاراتك ومعلوماتك باللغه العربيه.,2,2023-04-13 19:27:42,unknown_subcategory,,0,كتاب الطبخ العربي التقليدي - اصدار خاص,False
85,ماكينه قهوه اسبريسو - اصدار خاص,المنزل والمطبخ,تيفال,1742.75,2.6,ماكينه قهوه اسبريسو - اصدار خاص يوفر اداء استثناييا مع توفير للطاقه وسهوله في التشغيل.,4,2023-04-11 12:52:04,unknown_subcategory,,0,ماكينه قهوه اسبريسو - اصدار خاص,False
86,لباس رياضي ضاغط - اصدار خاص,الرياضه واللياقه,نيو بالانس,336.99,4.3,لباس رياضي ضاغط - اصدار خاص مصمم للرياضيين المحترفين والهواه لاداء افضل وتحمل اطول.,5,2023-02-25 10:53:04,unknown_subcategory,,0,لباس رياضي ضاغط - اصدار خاص,False
87,طقم مكياج احترافي - اصدار خاص,الجمال والعنايه,نيفيا,281.44,2.7,طقم مكياج احترافي - اصدار خاص مكون من مكونات طبيعيه خاليه من المواد الضاره لبشره اكثر اشراقا.,6,2023-03-28 10:22:06,unknown_subcategory,,0,طقم مكياج احترافي - اصدار خاص,False
88,دوره برمجه اكاديميه USB - اصدار خاص,الكتب والتعليم,بنغوين,398.34,3.9,دوره برمجه اكاديميه USB - اصدار خاص يقدم محتوي ثريا باسلوب سهل ومبسط للقاري العربي.,3,2023-06-15 07:38:05,unknown_subcategory,,0,دوره برمجه اكاديميه USB - اصدار خاص,False
89,كتاب رياده الاعمال والنجاح - اصدار خاص,الكتب والتعليم,بنغوين,73.16,2.8,كتاب رياده الاعمال والنجاح - اصدار خاص مرجع شامل ومنقح مناسب للطلاب والباحثين.,2,2023-02-15 23:16:14,unknown_subcategory,,0,كتاب رياده الاعمال والنجاح - اصدار خاص,False
90,شاشه 4K 27 انش - اصدار خاص,الالكترونيات,ال جي,2115.26,5.0,جهاز شاشه 4K 27 انش - اصدار خاص بتقنيه متطوره واداء عال يناسب الاستخدام اليومي والمهني.,5,2023-06-21 16:53:13,unknown_subcategory,,0,شاشه 4K 27 انش - اصدار خاص,False
91,فرن كهربايي 60 لتر - اصدار خاص,المنزل والمطبخ,توشيبا,978.27,4.4,احصل علي فرن كهربايي 60 لتر - اصدار خاص الان واستمتع بجوده لا مثيل لها في منزلك.,1,2023-01-25 08:03:54,unknown_subcategory,,0,فرن كهربايي 60 لتر - اصدار خاص,False
92,موسوعه التاريخ الاسلامي - اصدار خاص,الكتب والتعليم,اكاديميا,182.48,3.8,موسوعه التاريخ الاسلامي - اصدار خاص مرجع شامل ومنقح مناسب للطلاب والباحثين.,5,2023-05-05 05:39:20,unknown_subcategory,,0,موسوعه التاريخ الاسلامي - اصدار خاص,False
93,شال كشمير ناعم - اصدار خاص,الازياء والملابس,زارا,304.48,3.8,شال كشمير ناعم - اصدار خاص يجمع بين الراحه والاناقه ليناسب مختلف المناسبات.,2,2023-02-01 10:49:14,unknown_subcategory,,0,شال كشمير ناعم - اصدار خاص,False
94,قاموس عربي انجليزي شامل - اصدار خاص,الكتب والتعليم,بنغوين,192.65,3.8,قاموس عربي انجليزي شامل - اصدار خاص يقدم محتوي ثريا باسلوب سهل ومبسط للقاري العربي.,1,2023-02-18 15:54:19,unknown_subcategory,,0,قاموس عربي انجليزي شامل - اصدار خاص,False
95,كره قدم رسميه فيفا - اصدار خاص,الرياضه واللياقه,بوما,217.5,4.0,كره قدم رسميه فيفا - اصدار خاص مصمم للرياضيين المحترفين والهواه لاداء افضل وتحمل اطول.,5,2023-05-05 11:13:04,unknown_subcategory,,0,كره قدم رسميه فيفا - اصدار خاص,False
96,دراجه هواييه جبليه - اصدار خاص,الرياضه واللياقه,بوما,2249.21,4.3,حسن اداءك مع دراجه هواييه جبليه - اصدار خاص المدعوم باحدث تقنيات اللياقه البدنيه.,3,2023-06-13 14:28:27,unknown_subcategory,,0,دراجه هواييه جبليه - اصدار خاص,False
97,هاتف ذكي برو ماكس - اصدار خاص,الالكترونيات,ابل,1968.21,4.1,هاتف ذكي برو ماكس - اصدار خاص بمعالج سريع وذاكره واسعه لتجربه استخدام سلسه ومريحه.,3,2023-05-07 10:29:08,unknown_subcategory,,0,هاتف ذكي برو ماكس - اصدار خاص,False
98,اوزان حديد طقم 20 كيلو - اصدار خاص,الرياضه واللياقه,نايكي,449.02,4.1,اوزان حديد طقم 20 كيلو - اصدار خاص مصنوع من مواد خفيفه وعاليه التحمل يناسب جميع الانشطه.,6,2023-02-28 15:51:38,unknown_subcategory,,0,اوزان حديد طقم 20 كيلو - اصدار خاص,False
99,مجموعه كتب الطفل التعليميه - اصدار خاص,الكتب والتعليم,الوراق,185.24,4.2,مجموعه كتب الطفل التعليميه - اصدار خاص مرجع شامل ومنقح مناسب للطلاب والباحثين.,4,2023-03-22 16:56:15,unknown_subcategory,,0,مجموعه كتب الطفل التعليميه - اصدار خاص,False
100,حقيبه يد جلديه - اصدار خاص,الازياء والملابس,مانجو,418.81,4.3,حقيبه يد جلديه - اصدار خاص بخيوط عاليه الجوده ومتاح بالوان متعدده تناسب ذوقك.,3,2023-03-19 10:09:14,unknown_subcategory,,0,حقيبه يد جلديه - اصدار خاص,False
101,مجموعه سكاكين مطبخ - اصدار خاص,المنزل والمطبخ,بوش,241.26,3.7,مجموعه سكاكين مطبخ - اصدار خاص مناسب للاستخدام المنزلي اليومي بضمان سنتين.,4,2023-02-18 03:23:08,unknown_subcategory,,0,مجموعه سكاكين مطبخ - اصدار خاص,False
102,تابلت 10 انش - اصدار خاص,الالكترونيات,لينوفو,1982.66,3.5,جهاز تابلت 10 انش - اصدار خاص بتقنيه متطوره واداء عال يناسب الاستخدام اليومي والمهني.,3,2023-04-23 04:13:00,unknown_subcategory,,0,تابلت 10 انش - اصدار خاص,False
103,بنطلون جينز سليم فيت - اصدار خاص,الازياء والملابس,بوما,398.87,3.7,بنطلون جينز سليم فيت - اصدار خاص يجمع بين الراحه والاناقه ليناسب مختلف المناسبات.,4,2023-01-05 12:00:33,unknown_subcategory,,0,بنطلون جينز سليم فيت - اصدار خاص,False
104,قناع وجه كولاجين - اصدار خاص,الجمال والعنايه,افينو,146.34,3.0,قناع وجه كولاجين - اصدار خاص يغذي البشره ويرطبها طوال اليوم بعطر منعش.,1,2023-01-10 19:32:07,unknown_subcategory,,0,قناع وجه كولاجين - اصدار خاص,False
105,حقيبه رياضيه جيم - اصدار خاص,الرياضه واللياقه,نيو بالانس,250.27,4.6,حقيبه رياضيه جيم - اصدار خاص مصنوع من مواد خفيفه وعاليه التحمل يناسب جميع الانشطه.,2,2023-06-21 08:32:30,unknown_subcategory,,0,حقيبه رياضيه جيم - اصدار خاص,False
106,فرن كهربايي 60 لتر - اصدار خاص,المنزل والمطبخ,وايتبوينت,449.77,2.6,احصل علي فرن كهربايي 60 لتر - اصدار خاص الان واستمتع بجوده لا مثيل لها في منزلك.,2,2023-03-12 09:28:59,unknown_subcategory,,0,فرن كهربايي 60 لتر - اصدار خاص,False
107,كاميرا ميرورليس - اصدار خاص,الالكترونيات,اوبو,5057.62,3.2,كاميرا ميرورليس - اصدار خاص بمعالج سريع وذاكره واسعه لتجربه استخدام سلسه ومريحه.,6,2023-04-29 15:40:02,unknown_subcategory,,0,كاميرا ميرورليس - اصدار خاص,False
108,كاميرا ميرورليس - اصدار خاص,الالكترونيات,ال جي,5179.59,3.3,يتميز كاميرا ميرورليس - اصدار خاص بتصميم انيق وبطاريه تدوم طويلا مع شاشه عاليه الدقه.,2,2023-02-08 15:40:37,unknown_subcategory,,0,كاميرا ميرورليس - اصدار خاص,False
109,قناع وجه كولاجين - اصدار خاص,الجمال والعنايه,لوريال,44.98,2.8,قناع وجه كولاجين - اصدار خاص يغذي البشره ويرطبها طوال اليوم بعطر منعش.,4,2023-04-11 20:15:57,unknown_subcategory,,0,قناع وجه كولاجين - اصدار خاص,False
110,جهاز قياس ضغط الدم - اصدار خاص,الرياضه واللياقه,بوما,228.23,4.0,جهاز قياس ضغط الدم - اصدار خاص مصمم للرياضيين المحترفين والهواه لاداء افضل وتحمل اطول.,4,2023-04-30 17:06:01,unknown_subcategory,,0,جهاز قياس ضغط الدم - اصدار خاص,False
111,مكواه بخاريه احترافيه - اصدار خاص,المنزل والمطبخ,وايتبوينت,453.66,3.8,مكواه بخاريه احترافيه - اصدار خاص مناسب للاستخدام المنزلي اليومي بضمان سنتين.,6,2023-04-20 07:25:01,unknown_subcategory,,0,مكواه بخاريه احترافيه - اصدار خاص,False
112,شاشه 4K 27 انش - اصدار خاص,الالكترونيات,ال جي,2651.9,4.9,شاشه 4K 27 انش - اصدار خاص بمعالج سريع وذاكره واسعه لتجربه استخدام سلسه ومريحه.,3,2023-06-04 17:08:47,unknown_subcategory,,0,شاشه 4K 27 انش - اصدار خاص,False
113,كتاب تعلم البرمجه بالعربيه - اصدار خاص,الكتب والتعليم,اكاديميا,61.24,4.1,استثمر في كتاب تعلم البرمجه بالعربيه - اصدار خاص وطور مهاراتك ومعلوماتك باللغه العربيه.,5,2023-02-14 04:25:41,unknown_subcategory,,0,كتاب تعلم البرمجه بالعربيه - اصدار خاص,False
114,حقيبه رياضيه جيم - اصدار خاص,الرياضه واللياقه,بوما,246.79,4.3,حقيبه رياضيه جيم - اصدار خاص مصنوع من مواد خفيفه وعاليه التحمل يناسب جميع الانشطه.,2,2023-06-09 13:13:08,unknown_subcategory,,0,حقيبه رياضيه جيم - اصدار خاص,False
115,شاحن لاسلكي سريع - اصدار خاص,الالكترونيات,ابل,131.51,3.6,يتميز شاحن لاسلكي سريع - اصدار خاص بتصميم انيق وبطاريه تدوم طويلا مع شاشه عاليه الدقه.,2,2023-03-22 04:32:00,unknown_subcategory,,0,شاحن لاسلكي سريع - اصدار خاص,False
116,قناع وجه كولاجين - اصدار خاص,الجمال والعنايه,افينو,136.01,4.3,قناع وجه كولاجين - اصدار خاص مكون من مكونات طبيعيه خاليه من المواد الضاره لبشره اكثر اشراقا.,6,2023-01-27 19:30:39,unknown_subcategory,,0,قناع وجه كولاجين - اصدار خاص,False
117,حصيره يوغا مضاده للانزلاق - اصدار خاص,الرياضه واللياقه,هيد,159.84,3.3,حصيره يوغا مضاده للانزلاق - اصدار خاص مصمم للرياضيين المحترفين والهواه لاداء افضل وتحمل اطول.,4,2023-06-27 02:48:24,unknown_subcategory,,0,حصيره يوغا مضاده للانزلاق - اصدار خاص,False
118,حصيره يوغا مضاده للانزلاق - اصدار خاص,الرياضه واللياقه,نيو بالانس,175.91,3.0,حصيره يوغا مضاده للانزلاق - اصدار خاص مصمم للرياضيين المحترفين والهواه لاداء افضل وتحمل اطول.,3,2023-04-19 08:52:20,unknown_subcategory,,0,حصيره يوغا مضاده للانزلاق - اصدار خاص,False
119,ماكينه قهوه اسبريسو - اصدار خاص,المنزل والمطبخ,تيفال,1350.85,3.7,ماكينه قهوه اسبريسو - اصدار خاص مناسب للاستخدام المنزلي اليومي بضمان سنتين.,3,2023-04-19 20:03:41,unknown_subcategory,,0,ماكينه قهوه اسبريسو - اصدار خاص,False
120,روايه عربيه بيست سيلر - اصدار خاص,الكتب والتعليم,الوراق,37.31,4.2,روايه عربيه بيست سيلر - اصدار خاص يقدم محتوي ثريا باسلوب سهل ومبسط للقاري العربي.,4,2023-06-08 21:54:55,unknown_subcategory,,0,روايه عربيه بيست سيلر - اصدار خاص,False
121,حذاء رياضي مريح - اصدار خاص,الازياء والملابس,زارا,279.43,4.3,حذاء رياضي مريح - اصدار خاص يجمع بين الراحه والاناقه ليناسب مختلف المناسبات.,4,2023-05-08 09:03:04,unknown_subcategory,,0,حذاء رياضي مريح - اصدار خاص,False
122,طقم مكياج احترافي - اصدار خاص,الجمال والعنايه,ماك,696.77,3.2,استخدم طقم مكياج احترافي - اصدار خاص يوميا للحصول علي نتايج ملموسه خلال اسبوعين.,6,2023-02-22 17:50:52,unknown_subcategory,,0,طقم مكياج احترافي - اصدار خاص,False
123,عداد خطوات ذكي - اصدار خاص,الرياضه واللياقه,اندر ارمور,140.92,4.2,حسن اداءك مع عداد خطوات ذكي - اصدار خاص المدعوم باحدث تقنيات اللياقه البدنيه.,2,2023-05-04 21:02:13,unknown_subcategory,,0,عداد خطوات ذكي - اصدار خاص,False
124,كاميرا ميرورليس - اصدار خاص,الالكترونيات,ال جي,4869.43,2.8,جهاز كاميرا ميرورليس - اصدار خاص بتقنيه متطوره واداء عال يناسب الاستخدام اليومي والمهني.,1,2023-04-17 20:49:43,unknown_subcategory,,0,كاميرا ميرورليس - اصدار خاص,False
125,شال كشمير ناعم - اصدار خاص,الازياء والملابس,بوما,208.91,3.0,شال كشمير ناعم - اصدار خاص يجمع بين الراحه والاناقه ليناسب مختلف المناسبات.,3,2023-02-25 10:07:54,unknown_subcategory,,0,شال كشمير ناعم - اصدار خاص,False
126,شاحن لاسلكي سريع - اصدار خاص,الالكترونيات,شاومي,224.49,4.3,جهاز شاحن لاسلكي سريع - اصدار خاص بتقنيه متطوره واداء عال يناسب الاستخدام اليومي والمهني.,2,2023-03-23 03:29:06,unknown_subcategory,,0,شاحن لاسلكي سريع - اصدار خاص,False
127,قميص قطني كلاسيكي - اصدار خاص,الازياء والملابس,اديداس,209.71,3.0,قميص قطني كلاسيكي - اصدار خاص بخيوط عاليه الجوده ومتاح بالوان متعدده تناسب ذوقك.,3,2023-06-20 05:55:09,unknown_subcategory,,0,قميص قطني كلاسيكي - اصدار خاص,False
128,مكواه بخاريه احترافيه - اصدار خاص,المنزل والمطبخ,بوش,664.23,3.3,مكواه بخاريه احترافيه - اصدار خاص مناسب للاستخدام المنزلي اليومي بضمان سنتين.,6,2023-04-16 11:57:49,unknown_subcategory,,0,مكواه بخاريه احترافيه - اصدار خاص,False
129,تيشيرت بولو قطن - اصدار خاص,الازياء والملابس,بوما,94.56,4.5,تيشيرت بولو قطن - اصدار خاص يجمع بين الراحه والاناقه ليناسب مختلف المناسبات.,2,2023-05-22 23:15:45,unknown_subcategory,,0,تيشيرت بولو قطن - اصدار خاص,False
130,ثلاجه نوفروست 350 لتر - اصدار خاص,المنزل والمطبخ,فيليبس,3341.54,4.5,احصل علي ثلاجه نوفروست 350 لتر - اصدار خاص الان واستمتع بجوده لا مثيل لها في منزلك.,6,2023-05-28 01:11:36,unknown_subcategory,,0,ثلاجه نوفروست 350 لتر - اصدار خاص,False
131,اوزان حديد طقم 20 كيلو - اصدار خاص,الرياضه واللياقه,ديكاتلون,457.64,2.7,حسن اداءك مع اوزان حديد طقم 20 كيلو - اصدار خاص المدعوم باحدث تقنيات اللياقه البدنيه.,1,2023-02-05 21:08:34,unknown_subcategory,,0,اوزان حديد طقم 20 كيلو - اصدار خاص,False
132,عطر رجالي عودي - اصدار خاص,الجمال والعنايه,ماك,284.92,3.5,عطر رجالي عودي - اصدار خاص يغذي البشره ويرطبها طوال اليوم بعطر منعش.,3,2023-03-06 00:09:54,unknown_subcategory,,0,عطر رجالي عودي - اصدار خاص,False
133,اطلس العالم المصور - اصدار خاص,الكتب والتعليم,دار الفكر,165.39,3.4,اطلس العالم المصور - اصدار خاص مرجع شامل ومنقح مناسب للطلاب والباحثين.,1,2023-05-10 16:06:31,unknown_subcategory,,0,اطلس العالم المصور - اصدار خاص,False
134,ثلاجه نوفروست 350 لتر - اصدار خاص,المنزل والمطبخ,هايسنس,3215.18,4.8,احصل علي ثلاجه نوفروست 350 لتر - اصدار خاص الان واستمتع بجوده لا مثيل لها في منزلك.,3,2023-05-15 00:59:10,unknown_subcategory,,0,ثلاجه نوفروست 350 لتر - اصدار خاص,False
135,طقم اواني طهي غرانيت - اصدار خاص,المنزل والمطبخ,تيفال,248.61,2.8,طقم اواني طهي غرانيت - اصدار خاص يوفر اداء استثناييا مع توفير للطاقه وسهوله في التشغيل.,4,2023-05-26 04:41:48,unknown_subcategory,,0,طقم اواني طهي غرانيت - اصدار خاص,False
136,فرن كهربايي 60 لتر - اصدار خاص,المنزل والمطبخ,توشيبا,1233.09,4.5,فرن كهربايي 60 لتر - اصدار خاص يوفر اداء استثناييا مع توفير للطاقه وسهوله في التشغيل.,2,2023-05-13 02:37:23,unknown_subcategory,,0,فرن كهربايي 60 لتر - اصدار خاص,False
137,راوتر واي فاي 6 - اصدار خاص,الالكترونيات,اوبو,593.31,3.4,راوتر واي فاي 6 - اصدار خاص بمعالج سريع وذاكره واسعه لتجربه استخدام سلسه ومريحه.,1,2023-01-12 23:48:48,unknown_subcategory,,0,راوتر واي فاي 6 - اصدار خاص,False
138,جهاز مشي كهربايي - اصدار خاص,الرياضه واللياقه,بوما,2075.88,4.6,جهاز مشي كهربايي - اصدار خاص مصنوع من مواد خفيفه وعاليه التحمل يناسب جميع الانشطه.,1,2023-05-13 02:24:20,unknown_subcategory,,0,جهاز مشي كهربايي - اصدار خاص,False
139,حقيبه رياضيه جيم - اصدار خاص,الرياضه واللياقه,اديداس,351.69,3.6,حقيبه رياضيه جيم - اصدار خاص مصمم للرياضيين المحترفين والهواه لاداء افضل وتحمل اطول.,4,2023-01-26 14:54:18,unknown_subcategory,,0,حقيبه رياضيه جيم - اصدار خاص,False
140,مزيل عرق رول اون - اصدار خاص,الجمال والعنايه,لوريال,61.32,4.2,مزيل عرق رول اون - اصدار خاص يغذي البشره ويرطبها طوال اليوم بعطر منعش.,6,2023-01-05 05:27:27,unknown_subcategory,,0,مزيل عرق رول اون - اصدار خاص,False
141,ساعه ذكيه سبورت - اصدار خاص,الالكترونيات,ابل,449.82,3.4,جهاز ساعه ذكيه سبورت - اصدار خاص بتقنيه متطوره واداء عال يناسب الاستخدام اليومي والمهني.,5,2023-01-12 16:48:41,unknown_subcategory,,0,ساعه ذكيه سبورت - اصدار خاص,False
142,مكبر صوت بلوتوث - اصدار خاص,الالكترونيات,سامسونج,243.55,2.9,جهاز مكبر صوت بلوتوث - اصدار خاص بتقنيه متطوره واداء عال يناسب الاستخدام اليومي والمهني.,6,2023-05-22 14:44:07,unknown_subcategory,,0,مكبر صوت بلوتوث - اصدار خاص,False
143,عطر رجالي عودي - اصدار خاص,الجمال والعنايه,دوف,602.95,4.8,عطر رجالي عودي - اصدار خاص يغذي البشره ويرطبها طوال اليوم بعطر منعش.,4,2023-01-16 13:59:31,unknown_subcategory,,0,عطر رجالي عودي - اصدار خاص,False
144,كتاب تطوير الذات والتحفيز - اصدار خاص,الكتب والتعليم,دار قرطبه,91.59,3.4,كتاب تطوير الذات والتحفيز - اصدار خاص مرجع شامل ومنقح مناسب للطلاب والباحثين.,5,2023-03-18 07:47:09,unknown_subcategory,,0,كتاب تطوير الذات والتحفيز - اصدار خاص,False
145,قاموس عربي انجليزي شامل - اصدار خاص,الكتب والتعليم,دار الفكر,165.87,4.9,قاموس عربي انجليزي شامل - اصدار خاص يقدم محتوي ثريا باسلوب سهل ومبسط للقاري العربي.,6,2023-05-20 15:13:14,unknown_subcategory,,0,قاموس عربي انجليزي شامل - اصدار خاص,False
146,اوزان حديد طقم 20 كيلو - اصدار خاص,الرياضه واللياقه,اندر ارمور,323.76,3.4,اوزان حديد طقم 20 كيلو - اصدار خاص مصنوع من مواد خفيفه وعاليه التحمل يناسب جميع الانشطه.,2,2023-06-19 22:45:56,unknown_subcategory,,0,اوزان حديد طقم 20 كيلو - اصدار خاص,False
147,هاتف ذكي برو ماكس - اصدار خاص,الالكترونيات,لينوفو,4075.22,4.8,جهاز هاتف ذكي برو ماكس - اصدار خاص بتقنيه متطوره واداء عال يناسب الاستخدام اليومي والمهني.,2,2023-02-10 00:24:35,unknown_subcategory,,0,هاتف ذكي برو ماكس - اصدار خاص,False
148,حذاء جري احترافي - اصدار خاص,الرياضه واللياقه,هيد,658.67,4.3,حذاء جري احترافي - اصدار خاص مصمم للرياضيين المحترفين والهواه لاداء افضل وتحمل اطول.,2,2023-05-24 19:10:17,unknown_subcategory,,0,حذاء جري احترافي - اصدار خاص,False
149,طقم مكياج احترافي - اصدار خاص,الجمال والعنايه,ماك,652.63,4.4,طقم مكياج احترافي - اصدار خاص مكون من مكونات طبيعيه خاليه من المواد الضاره لبشره اكثر اشراقا.,5,2023-02-26 04:03:55,unknown_subcategory,,0,طقم مكياج احترافي - اصدار خاص,False
150,اطلس العالم المصور - اصدار خاص,الكتب والتعليم,بنغوين,244.37,4.4,اطلس العالم المصور - اصدار خاص يقدم محتوي ثريا باسلوب سهل ومبسط للقاري العربي.,2,2023-02-28 14:19:27,unknown_subcategory,,0,اطلس العالم المصور - اصدار خاص,False
151,كتاب تطوير الذات والتحفيز - اصدار خاص,الكتب والتعليم,دار العلوم,71.91,3.2,استثمر في كتاب تطوير الذات والتحفيز - اصدار خاص وطور مهاراتك ومعلوماتك باللغه العربيه.,5,2023-06-20 19:45:49,unknown_subcategory,,0,كتاب تطوير الذات والتحفيز - اصدار خاص,False
152,شال كشمير ناعم - اصدار خاص,الازياء والملابس,بوما,92.66,3.4,شال كشمير ناعم - اصدار خاص بخيوط عاليه الجوده ومتاح بالوان متعدده تناسب ذوقك.,6,2023-03-16 00:18:33,unknown_subcategory,,0,شال كشمير ناعم - اصدار خاص,False
153,فرن كهربايي 60 لتر - اصدار خاص,المنزل والمطبخ,هايسنس,564.14,3.4,احصل علي فرن كهربايي 60 لتر - اصدار خاص الان واستمتع بجوده لا مثيل لها في منزلك.,4,2023-02-16 18:59:35,unknown_subcategory,,0,فرن كهربايي 60 لتر - اصدار خاص,False
154,ثلاجه نوفروست 350 لتر - اصدار خاص,المنزل والمطبخ,توشيبا,3786.85,3.9,ثلاجه نوفروست 350 لتر - اصدار خاص مناسب للاستخدام المنزلي اليومي بضمان سنتين.,5,2023-04-13 21:56:27,unknown_subcategory,,0,ثلاجه نوفروست 350 لتر - اصدار خاص,False
155,حذاء رياضي مريح - اصدار خاص,الازياء والملابس,ماكس فاشون,298.62,2.7,حذاء رياضي مريح - اصدار خاص يجمع بين الراحه والاناقه ليناسب مختلف المناسبات.,3,2023-01-18 22:54:48,unknown_subcategory,,0,حذاء رياضي مريح - اصدار خاص,False
156,قميص قطني كلاسيكي - اصدار خاص,الازياء والملابس,ليفايز,131.66,4.0,قميص قطني كلاسيكي - اصدار خاص مصنوع من اجود الخامات لاطلاله عصريه واناقه لافته.,1,2023-02-06 12:54:16,unknown_subcategory,,0,قميص قطني كلاسيكي - اصدار خاص,False
157,جهاز قياس ضغط الدم - اصدار خاص,الرياضه واللياقه,اندر ارمور,278.2,4.7,جهاز قياس ضغط الدم - اصدار خاص مصنوع من مواد خفيفه وعاليه التحمل يناسب جميع الانشطه.,3,2023-06-26 12:13:11,unknown_subcategory,,0,جهاز قياس ضغط الدم - اصدار خاص,False
158,فستان سهره انيق - اصدار خاص,الازياء والملابس,بوما,655.51,4.2,فستان سهره انيق - اصدار خاص بخيوط عاليه الجوده ومتاح بالوان متعدده تناسب ذوقك.,2,2023-03-19 00:26:21,unknown_subcategory,,0,فستان سهره انيق - اصدار خاص,False
159,حصيره يوغا مضاده للانزلاق - اصدار خاص,الرياضه واللياقه,نيو بالانس,132.33,3.8,حصيره يوغا مضاده للانزلاق - اصدار خاص مصنوع من مواد خفيفه وعاليه التحمل يناسب جميع الانشطه.,3,2023-02-20 18:57:55,unknown_subcategory,,0,حصيره يوغا مضاده للانزلاق - اصدار خاص,False
160,زيت ارغان طبيعي - اصدار خاص,الجمال والعنايه,نيفيا,298.73,4.3,زيت ارغان طبيعي - اصدار خاص يغذي البشره ويرطبها طوال اليوم بعطر منعش.,2,2023-03-13 23:36:36,unknown_subcategory,,0,زيت ارغان طبيعي - اصدار خاص,False
161,شاحن لاسلكي سريع - اصدار خاص,الالكترونيات,شاومي,280.14,2.5,شاحن لاسلكي سريع - اصدار خاص بمعالج سريع وذاكره واسعه لتجربه استخدام سلسه ومريحه.,5,2023-04-23 11:00:05,unknown_subcategory,,0,شاحن لاسلكي سريع - اصدار خاص,False
162,ثلاجه نوفروست 350 لتر - اصدار خاص,المنزل والمطبخ,تيفال,2324.66,3.4,ثلاجه نوفروست 350 لتر - اصدار خاص يوفر اداء استثناييا مع توفير للطاقه وسهوله في التشغيل.,4,2023-04-17 22:10:48,unknown_subcategory,,0,ثلاجه نوفروست 350 لتر - اصدار خاص,False
163,دوره برمجه اكاديميه USB - اصدار خاص,الكتب والتعليم,الوراق,417.18,3.7,استثمر في دوره برمجه اكاديميه USB - اصدار خاص وطور مهاراتك ومعلوماتك باللغه العربيه.,6,2023-05-24 14:45:29,unknown_subcategory,,0,دوره برمجه اكاديميه USB - اصدار خاص,False
164,حقيبه يد جلديه - اصدار خاص,الازياء والملابس,مانجو,297.97,3.9,حقيبه يد جلديه - اصدار خاص مصنوع من اجود الخامات لاطلاله عصريه واناقه لافته.,5,2023-05-05 15:02:55,unknown_subcategory,,0,حقيبه يد جلديه - اصدار خاص,False
165,حذاء جري احترافي - اصدار خاص,الرياضه واللياقه,اديداس,867.11,4.2,حذاء جري احترافي - اصدار خاص مصمم للرياضيين المحترفين والهواه لاداء افضل وتحمل اطول.,4,2023-01-27 16:45:25,unknown_subcategory,,0,حذاء جري احترافي - اصدار خاص,False
166,فستان سهره انيق - اصدار خاص,الازياء والملابس,مانجو,184.75,3.8,فستان سهره انيق - اصدار خاص يجمع بين الراحه والاناقه ليناسب مختلف المناسبات.,1,2023-04-30 23:19:15,unknown_subcategory,,0,فستان سهره انيق - اصدار خاص,False
167,حقيبه رياضيه جيم - اصدار خاص,الرياضه واللياقه,هيد,104.4,3.8,حقيبه رياضيه جيم - اصدار خاص مصنوع من مواد خفيفه وعاليه التحمل يناسب جميع الانشطه.,1,2023-01-04 05:56:58,unknown_subcategory,,0,حقيبه رياضيه جيم - اصدار خاص,False
168,مجموعه سكاكين مطبخ - اصدار خاص,المنزل والمطبخ,اريتي,126.51,4.5,احصل علي مجموعه سكاكين مطبخ - اصدار خاص الان واستمتع بجوده لا مثيل لها في منزلك.,4,2023-06-06 13:00:49,unknown_subcategory,,0,مجموعه سكاكين مطبخ - اصدار خاص,False
169,فستان سهره انيق - اصدار خاص,الازياء والملابس,H&M,452.68,3.1,فستان سهره انيق - اصدار خاص بخيوط عاليه الجوده ومتاح بالوان متعدده تناسب ذوقك.,5,2023-02-19 00:21:14,unknown_subcategory,,0,فستان سهره انيق - اصدار خاص,False
170,فرن كهربايي 60 لتر - اصدار خاص,المنزل والمطبخ,بوش,810.36,3.5,احصل علي فرن كهربايي 60 لتر - اصدار خاص الان واستمتع بجوده لا مثيل لها في منزلك.,2,2023-05-16 09:21:24,unknown_subcategory,,0,فرن كهربايي 60 لتر - اصدار خاص,False
171,موسوعه التاريخ الاسلامي - اصدار خاص,الكتب والتعليم,دار الفكر,100.57,3.4,استثمر في موسوعه التاريخ الاسلامي - اصدار خاص وطور مهاراتك ومعلوماتك باللغه العربيه.,4,2023-01-11 21:30:52,unknown_subcategory,,0,موسوعه التاريخ الاسلامي - اصدار خاص,False
172,كتاب رياده الاعمال والنجاح - اصدار خاص,الكتب والتعليم,مكتبه جرير,72.49,3.6,كتاب رياده الاعمال والنجاح - اصدار خاص يقدم محتوي ثريا باسلوب سهل ومبسط للقاري العربي.,5,2023-06-16 14:23:05,unknown_subcategory,,0,كتاب رياده الاعمال والنجاح - اصدار خاص,False
173,حذاء جري احترافي - اصدار خاص,الرياضه واللياقه,اندر ارمور,426.85,4.7,حسن اداءك مع حذاء جري احترافي - اصدار خاص المدعوم باحدث تقنيات اللياقه البدنيه.,4,2023-02-22 15:23:40,unknown_subcategory,,0,حذاء جري احترافي - اصدار خاص,False
174,تابلت 10 انش - اصدار خاص,الالكترونيات,سامسونج,886.97,4.6,جهاز تابلت 10 انش - اصدار خاص بتقنيه متطوره واداء عال يناسب الاستخدام اليومي والمهني.,2,2023-04-24 23:47:11,unknown_subcategory,,0,تابلت 10 انش - اصدار خاص,False
175,مجموعه كتب الطفل التعليميه - اصدار خاص,الكتب والتعليم,مكتبه جرير,152.85,3.9,استثمر في مجموعه كتب الطفل التعليميه - اصدار خاص وطور مهاراتك ومعلوماتك باللغه العربيه.,4,2023-05-12 11:12:41,unknown_subcategory,,0,مجموعه كتب الطفل التعليميه - اصدار خاص,False
176,فرن كهربايي 60 لتر - اصدار خاص,المنزل والمطبخ,ديلونجي,1269.55,4.2,فرن كهربايي 60 لتر - اصدار خاص يوفر اداء استثناييا مع توفير للطاقه وسهوله في التشغيل.,5,2023-05-25 18:04:45,unknown_subcategory,,0,فرن كهربايي 60 لتر - اصدار خاص,False
177,لابتوب الترا سليم - اصدار خاص,الالكترونيات,لينوفو,3544.65,2.7,لابتوب الترا سليم - اصدار خاص بمعالج سريع وذاكره واسعه لتجربه استخدام سلسه ومريحه.,5,2023-04-26 15:44:15,unknown_subcategory,,0,لابتوب الترا سليم - اصدار خاص,False
178,مكيف هواء انفيرتر 18000 - اصدار خاص,المنزل والمطبخ,اريتي,3002.16,3.6,مكيف هواء انفيرتر 18000 - اصدار خاص يوفر اداء استثناييا مع توفير للطاقه وسهوله في التشغيل.,3,2023-04-18 09:20:33,unknown_subcategory,,0,مكيف هواء انفيرتر 18000 - اصدار خاص,False
179,مجموعه عنايه بالشعر - اصدار خاص,الجمال والعنايه,دوف,148.28,4.0,مجموعه عنايه بالشعر - اصدار خاص مكون من مكونات طبيعيه خاليه من المواد الضاره لبشره اكثر اشراقا.,6,2023-01-15 06:33:57,unknown_subcategory,,0,مجموعه عنايه بالشعر - اصدار خاص,False
180,شال كشمير ناعم - اصدار خاص,الازياء والملابس,مانجو,279.71,3.3,شال كشمير ناعم - اصدار خاص مصنوع من اجود الخامات لاطلاله عصريه واناقه لافته.,1,2023-01-02 00:12:41,unknown_subcategory,,0,شال كشمير ناعم - اصدار خاص,False
181,عطر رجالي عودي - اصدار خاص,الجمال والعنايه,بالمر,353.61,2.7,عطر رجالي عودي - اصدار خاص يغذي البشره ويرطبها طوال اليوم بعطر منعش.,4,2023-04-19 03:44:18,unknown_subcategory,,0,عطر رجالي عودي - اصدار خاص,False
182,سيروم فيتامين سي - اصدار خاص,الجمال والعنايه,لوريال,190.33,3.9,استخدم سيروم فيتامين سي - اصدار خاص يوميا للحصول علي نتايج ملموسه خلال اسبوعين.,5,2023-06-02 07:44:57,unknown_subcategory,,0,سيروم فيتامين سي - اصدار خاص,False
183,كريم مرطب SPF 50 - اصدار خاص,الجمال والعنايه,بالمر,171.04,4.4,استخدم كريم مرطب SPF 50 - اصدار خاص يوميا للحصول علي نتايج ملموسه خلال اسبوعين.,5,2023-06-25 18:34:22,unknown_subcategory,,0,كريم مرطب SPF 50 - اصدار خاص,False
184,حذاء رسمي جلد - اصدار خاص,الازياء والملابس,مانجو,617.48,2.9,حذاء رسمي جلد - اصدار خاص يجمع بين الراحه والاناقه ليناسب مختلف المناسبات.,3,2023-02-22 02:51:58,unknown_subcategory,,0,حذاء رسمي جلد - اصدار خاص,False
185,سماعات لاسلكيه - اصدار خاص,الالكترونيات,لينوفو,329.38,3.2,جهاز سماعات لاسلكيه - اصدار خاص بتقنيه متطوره واداء عال يناسب الاستخدام اليومي والمهني.,3,2023-02-18 21:00:20,unknown_subcategory,,0,سماعات لاسلكيه - اصدار خاص,False
186,كتاب الطبخ العربي التقليدي - اصدار خاص,الكتب والتعليم,دار العلوم,109.52,2.8,كتاب الطبخ العربي التقليدي - اصدار خاص مرجع شامل ومنقح مناسب للطلاب والباحثين.,4,2023-03-06 12:14:39,unknown_subcategory,,0,كتاب الطبخ العربي التقليدي - اصدار خاص,False
187,عطر رجالي عودي - اصدار خاص,الجمال والعنايه,افينو,521.01,4.5,استخدم عطر رجالي عودي - اصدار خاص يوميا للحصول علي نتايج ملموسه خلال اسبوعين.,5,2023-01-27 10:23:09,unknown_subcategory,,0,عطر رجالي عودي - اصدار خاص,False
188,جهاز مشي كهربايي - اصدار خاص,الرياضه واللياقه,هيد,2599.64,4.9,جهاز مشي كهربايي - اصدار خاص مصنوع من مواد خفيفه وعاليه التحمل يناسب جميع الانشطه.,3,2023-05-23 16:45:45,unknown_subcategory,,0,جهاز مشي كهربايي - اصدار خاص,False
189,مزيل عرق رول اون - اصدار خاص,الجمال والعنايه,ماك,46.18,3.2,مزيل عرق رول اون - اصدار خاص يغذي البشره ويرطبها طوال اليوم بعطر منعش.,3,2023-01-23 02:45:20,unknown_subcategory,,0,مزيل عرق رول اون - اصدار خاص,False
190,حذاء رسمي جلد - اصدار خاص,الازياء والملابس,مانجو,615.39,3.9,حذاء رسمي جلد - اصدار خاص بخيوط عاليه الجوده ومتاح بالوان متعدده تناسب ذوقك.,4,2023-05-18 13:13:47,unknown_subcategory,,0,حذاء رسمي جلد - اصدار خاص,False
191,غساله اوتوماتيك 8 كيلو - اصدار خاص,المنزل والمطبخ,هايسنس,2178.66,2.8,غساله اوتوماتيك 8 كيلو - اصدار خاص مناسب للاستخدام المنزلي اليومي بضمان سنتين.,2,2023-02-19 01:34:55,unknown_subcategory,,0,غساله اوتوماتيك 8 كيلو - اصدار خاص,False
192,مجموعه كتب الطفل التعليميه - اصدار خاص,الكتب والتعليم,نشر المعرفه,105.53,5.0,مجموعه كتب الطفل التعليميه - اصدار خاص يقدم محتوي ثريا باسلوب سهل ومبسط للقاري العربي.,5,2023-03-19 19:53:13,unknown_subcategory,,0,مجموعه كتب الطفل التعليميه - اصدار خاص,False
193,مجموعه كتب الطفل التعليميه - اصدار خاص,الكتب والتعليم,دار الفكر,256.05,3.4,استثمر في مجموعه كتب الطفل التعليميه - اصدار خاص وطور مهاراتك ومعلوماتك باللغه العربيه.,5,2023-05-04 22:08:09,unknown_subcategory,,0,مجموعه كتب الطفل التعليميه - اصدار خاص,False
194,ساعه ذكيه سبورت - اصدار خاص,الالكترونيات,ال جي,582.97,4.0,ساعه ذكيه سبورت - اصدار خاص بمعالج سريع وذاكره واسعه لتجربه استخدام سلسه ومريحه.,6,2023-05-12 13:14:52,unknown_subcategory,,0,ساعه ذكيه سبورت - اصدار خاص,False
195,فرن كهربايي 60 لتر - اصدار خاص,المنزل والمطبخ,بوش,411.6,3.1,احصل علي فرن كهربايي 60 لتر - اصدار خاص الان واستمتع بجوده لا مثيل لها في منزلك.,6,2023-04-11 17:46:22,unknown_subcategory,,0,فرن كهربايي 60 لتر - اصدار خاص,False
196,اطلس العالم المصور - اصدار خاص,الكتب والتعليم,دار العلوم,211.44,3.5,استثمر في اطلس العالم المصور - اصدار خاص وطور مهاراتك ومعلوماتك باللغه العربيه.,5,2023-05-15 01:40:15,unknown_subcategory,,0,اطلس العالم المصور - اصدار خاص,False
197,مكيف هواء انفيرتر 18000 - اصدار خاص,المنزل والمطبخ,توشيبا,1440.46,3.5,مكيف هواء انفيرتر 18000 - اصدار خاص يوفر اداء استثناييا مع توفير للطاقه وسهوله في التشغيل.,1,2023-06-11 10:13:17,unknown_subcategory,,0,مكيف هواء انفيرتر 18000 - اصدار خاص,False
198,حقيبه يد جلديه - اصدار خاص,الازياء والملابس,ليفايز,440.15,4.5,حقيبه يد جلديه - اصدار خاص بخيوط عاليه الجوده ومتاح بالوان متعدده تناسب ذوقك.,4,2023-03-09 15:11:49,unknown_subcategory,,0,حقيبه يد جلديه - اصدار خاص,False
199,زيت ارغان طبيعي - اصدار خاص,الجمال والعنايه,بيوتانيا,107.47,2.6,استخدم زيت ارغان طبيعي - اصدار خاص يوميا للحصول علي نتايج ملموسه خلال اسبوعين.,1,2023-01-05 09:15:15,unknown_subcategory,,0,زيت ارغان طبيعي - اصدار خاص,False
200,موسوعه التاريخ الاسلامي - اصدار خاص,الكتب والتعليم,دار قرطبه,284.58,4.4,استثمر في موسوعه التاريخ الاسلامي - اصدار خاص وطور مهاراتك ومعلوماتك باللغه العربيه.,2,2023-04-18 04:05:18,unknown_subcategory,,0,موسوعه التاريخ الاسلامي - اصدار خاص,False
