user_id,gender,age
1,أنثى,21
2,ذكر,29
3,أنثى,41
4,أنثى,25
5,ذكر,22
6,ذكر,36
7,ذكر,28
8,أنثى,37
9,ذكر,39
10,أنثى,19
11,أنثى,42
12,ذكر,27
13,أنثى,31
14,ذكر,25
15,أنثى,39
16,أنثى,43
17,أنثى,58
18,ذكر,37
19,أنثى,39
20,أنثى,38
21,أنثى,23
22,ذكر,30
23,ذكر,29
24,ذكر,30
25,أنثى,32
26,ذكر,28
27,ذكر,54
28,أنثى,39
29,ذكر,43
30,ذكر,33
31,أنثى,40
32,أنثى,42
33,أنثى,45
34,ذكر,22
35,ذكر,30
36,ذكر,55
37,أنثى,31
38,أنثى,33
39,أنثى,35
40,ذكر,29
41,أنثى,30
42,أنثى,52
43,ذكر,29
44,أنثى,36
45,ذكر,23
46,ذكر,40
47,أنثى,34
48,ذكر,33
49,أنثى,37
50,أنثى,49
51,ذكر,43
52,أنثى,37
53,ذكر,40
54,ذكر,34
55,ذكر,56
56,أنثى,30
57,ذكر,28
58,أنثى,50
59,ذكر,40
60,أنثى,27
61,أنثى,37
62,أنثى,37
63,ذكر,31
64,ذكر,54
65,أنثى,48
66,ذكر,23
67,أنثى,55
68,ذكر,35
69,ذكر,45
70,أنثى,26
71,ذكر,37
72,ذكر,50
73,ذكر,28
74,أنثى,43
75,ذكر,31
76,أنثى,41
77,ذكر,36
78,ذكر,29
79,ذكر,38
80,ذكر,29
81,ذكر,40
82,ذكر,52
83,أنثى,24
84,ذكر,41
85,ذكر,26
86,أنثى,38
87,ذكر,46
88,أنثى,28
89,ذكر,34
90,ذكر,35
91,أنثى,41
92,أنثى,25
93,ذكر,32
94,أنثى,29
95,ذكر,34
96,ذكر,30
97,ذكر,53
98,ذكر,49
99,أنثى,23
100,أنثى,48
101,أنثى,53
102,أنثى,27
103,ذكر,28
104,ذكر,23
105,ذكر,60
106,ذكر,46
107,ذكر,34
108,أنثى,62
109,أنثى,43
110,ذكر,30
111,أنثى,38
112,أنثى,44
113,ذكر,38
114,ذكر,49
115,ذكر,56
116,ذكر,28
117,أنثى,41
118,ذكر,26
119,أنثى,29
120,أنثى,39
121,ذكر,38
122,أنثى,54
123,ذكر,43
124,ذكر,33
125,أنثى,31
126,ذكر,44
127,ذكر,35
128,أنثى,62
129,ذكر,28
130,ذكر,54
131,أنثى,50
132,ذكر,27
133,أنثى,42
134,أنثى,60
135,أنثى,20
136,أنثى,31
137,أنثى,54
138,ذكر,26
139,ذكر,37
140,ذكر,39
141,أنثى,28
142,أنثى,30
143,ذكر,52
144,أنثى,25
145,ذكر,30
146,ذكر,45
147,أنثى,30
148,أنثى,37
149,ذكر,20
150,ذكر,51
151,أنثى,37
152,أنثى,38
153,ذكر,26
154,ذكر,52
155,أنثى,49
156,أنثى,28
157,ذكر,25
158,أنثى,51
159,ذكر,40
160,ذكر,54
161,أنثى,58
162,أنثى,51
163,ذكر,44
164,ذكر,54
165,أنثى,50
166,أنثى,30
167,أنثى,25
168,أنثى,49
169,ذكر,47
170,ذكر,31
171,أنثى,29
172,ذكر,28
173,ذكر,50
174,أنثى,30
175,أنثى,33
176,أنثى,37
177,أنثى,26
178,أنثى,28
179,أنثى,30
180,ذكر,34
181,أنثى,31
182,أنثى,36
183,ذكر,38
184,ذكر,43
185,ذكر,53
186,أنثى,43
187,أنثى,41
188,ذكر,24
189,أنثى,31
190,ذكر,49
191,أنثى,31
192,ذكر,33
193,ذكر,30
194,ذكر,34
195,أنثى,41
196,أنثى,39
197,ذكر,37
198,ذكر,30
199,ذكر,38
200,أنثى,35
201,ذكر,28
202,ذكر,52
203,أنثى,27
204,ذكر,36
205,أنثى,31
206,أنثى,44
207,أنثى,29
208,ذكر,21
209,ذكر,35
210,أنثى,24
211,ذكر,40
212,ذكر,42
213,ذكر,29
214,أنثى,19
215,أنثى,45
216,ذكر,34
217,ذكر,56
218,ذكر,23
219,ذكر,49
220,ذكر,46
221,أنثى,60
222,أنثى,55
223,أنثى,39
224,أنثى,36
225,أنثى,37
226,أنثى,44
227,ذكر,30
228,ذكر,40
229,أنثى,36
230,أنثى,30
231,ذكر,30
232,ذكر,31
233,أنثى,26
234,ذكر,42
235,أنثى,24
236,ذكر,37
237,ذكر,28
238,ذكر,52
239,أنثى,42
240,أنثى,45
241,ذكر,19
242,ذكر,44
243,أنثى,56
244,ذكر,44
245,أنثى,39
246,ذكر,29
247,ذكر,22
248,ذكر,42
249,ذكر,27
250,ذكر,26
251,أنثى,21
252,ذكر,38
253,ذكر,40
254,ذكر,35
255,ذكر,33
256,ذكر,31
257,أنثى,33
258,أنثى,48
259,ذكر,24
260,ذكر,37
261,أنثى,32
262,أنثى,46
263,أنثى,44
264,أنثى,28
265,ذكر,27
266,ذكر,41
267,أنثى,29
268,أنثى,45
269,ذكر,39
270,أنثى,26
271,أنثى,57
272,ذكر,21
273,ذكر,41
274,أنثى,33
275,أنثى,24
276,أنثى,40
277,ذكر,45
278,أنثى,39
279,ذكر,59
280,أنثى,32
281,ذكر,32
282,ذكر,32
283,أنثى,47
284,ذكر,56
285,أنثى,48
286,أنثى,34
287,أنثى,57
288,ذكر,47
289,أنثى,35
290,ذكر,43
291,ذكر,49
292,أنثى,24
293,أنثى,29
294,ذكر,39
295,ذكر,22
296,أنثى,28
297,ذكر,46
298,ذكر,50
299,أنثى,30
300,ذكر,55
301,ذكر,43
302,ذكر,45
303,أنثى,40
304,ذكر,46
305,ذكر,29
306,أنثى,31
307,أنثى,35
308,أنثى,34
309,أنثى,31
310,أنثى,30
311,ذكر,26
312,ذكر,26
313,أنثى,45
314,ذكر,29
315,ذكر,43
316,أنثى,37
317,ذكر,25
318,ذكر,29
319,ذكر,20
320,أنثى,30
321,أنثى,37
322,أنثى,26
323,أنثى,36
324,أنثى,38
325,ذكر,34
326,ذكر,23
327,أنثى,35
328,أنثى,33
329,ذكر,40
330,ذكر,27
331,أنثى,31
332,أنثى,26
333,أنثى,39
334,أنثى,29
335,أنثى,34
336,ذكر,49
337,أنثى,31
338,أنثى,39
339,أنثى,55
340,ذكر,28
341,أنثى,27
342,ذكر,24
343,ذكر,34
344,أنثى,30
345,ذكر,43
346,أنثى,35
347,أنثى,53
348,أنثى,40
349,أنثى,54
350,ذكر,37
351,أنثى,52
352,أنثى,24
353,ذكر,31
354,أنثى,38
355,ذكر,26
356,أنثى,42
357,أنثى,36
358,ذكر,24
359,ذكر,34
360,ذكر,29
361,ذكر,57
362,أنثى,38
363,أنثى,64
364,أنثى,30
365,ذكر,44
366,ذكر,41
367,أنثى,28
368,أنثى,40
369,ذكر,25
370,ذكر,31
371,أنثى,49
372,ذكر,42
373,ذكر,55
374,أنثى,37
375,ذكر,31
376,ذكر,57
377,ذكر,36
378,أنثى,41
379,أنثى,33
380,ذكر,32
381,أنثى,40
382,أنثى,28
383,أنثى,54
384,ذكر,42
385,ذكر,58
386,أنثى,29
387,ذكر,37
388,أنثى,25
389,أنثى,53
390,ذكر,26
391,أنثى,36
392,أنثى,36
393,ذكر,48
394,أنثى,29
395,أنثى,33
396,أنثى,36
397,أنثى,50
398,ذكر,46
399,ذكر,54
400,ذكر,47
401,ذكر,31
402,أنثى,63
403,ذكر,27
404,أنثى,32
405,أنثى,37
406,ذكر,31
407,ذكر,42
408,أنثى,29
409,أنثى,22
410,أنثى,42
411,أنثى,33
412,أنثى,47
413,أنثى,36
414,ذكر,36
415,أنثى,50
416,أنثى,34
417,أنثى,35
418,أنثى,33
419,أنثى,27
420,ذكر,57
421,ذكر,42
422,أنثى,49
423,أنثى,49
424,ذكر,31
425,أنثى,45
426,أنثى,22
427,ذكر,40
428,أنثى,62
429,أنثى,34
430,ذكر,40
431,أنثى,34
432,أنثى,52
433,ذكر,46
434,ذكر,32
435,ذكر,37
436,أنثى,46
437,ذكر,24
438,أنثى,39
439,ذكر,53
440,ذكر,35
441,ذكر,30
442,ذكر,47
443,أنثى,41
444,ذكر,34
445,ذكر,38
446,أنثى,34
447,ذكر,49
448,ذكر,33
449,ذكر,29
450,أنثى,38
451,أنثى,30
452,أنثى,41
453,ذكر,38
454,أنثى,44
455,ذكر,39
456,ذكر,52
457,ذكر,46
458,أنثى,32
459,أنثى,40
460,أنثى,43
461,أنثى,48
462,أنثى,52
463,أنثى,31
464,ذكر,38
465,أنثى,25
466,ذكر,44
467,ذكر,26
468,أنثى,58
469,أنثى,53
470,أنثى,30
471,أنثى,35
472,أنثى,44
473,ذكر,26
474,أنثى,26
475,أنثى,49
476,أنثى,59
477,أنثى,47
478,ذكر,46
479,ذكر,37
480,ذكر,41
481,أنثى,38
482,أنثى,55
483,ذكر,29
484,ذكر,51
485,أنثى,53
486,ذكر,23
487,أنثى,52
488,ذكر,33
489,ذكر,55
490,ذكر,36
491,ذكر,51
492,ذكر,35
493,أنثى,44
494,أنثى,34
495,أنثى,27
496,ذكر,25
497,ذكر,33
498,أنثى,22
499,ذكر,34
500,أنثى,49
