product_id,peer_rank,peer_product_id,peer_name,peer_similarity_score
1,1,2,لابتوب الترا سليم,0.9277572046005328
1,2,4,ساعه ذكيه سبورت,0.7112940501266155
1,3,9,راوتر واي فاي 6,0.6479830075716088
1,4,3,سماعات لاسلكيه,0.6376484190737903
1,5,10,شاحن لاسلكي سريع,0.5775635664476053
2,1,1,هاتف ذكي برو ماكس,0.9277572046005328
2,2,4,ساعه ذكيه سبورت,0.6515329552386163
2,3,9,راوتر واي فاي 6,0.5062505893344413
2,4,10,شاحن لاسلكي سريع,0.46396706104721774
2,5,3,سماعات لاسلكيه,0.4606561094825623
3,1,10,شاحن لاسلكي سريع,0.9571621440890034
3,2,4,ساعه ذكيه سبورت,0.9210085986846471
3,3,9,راوتر واي فاي 6,0.8713377445269744
3,4,41,حذاء جري احترافي,0.8121973785246365
3,5,42,لباس رياضي ضاغط,0.788345763049054
4,1,10,شاحن لاسلكي سريع,0.9486941991438075
4,2,3,سماعات لاسلكيه,0.9210085986846471
4,3,9,راوتر واي فاي 6,0.8360904976392904
4,4,41,حذاء جري احترافي,0.771651532436565
4,5,48,حقيبه رياضيه جيم,0.744418058937457
5,1,8,مكبر صوت بلوتوث,0.9033046777908831
5,2,174,تابلت 10 انش - اصدار خاص,0.8637669972821882
5,3,126,شاحن لاسلكي سريع - اصدار خاص,0.8102913781739678
5,4,141,ساعه ذكيه سبورت - اصدار خاص,0.8092230517065293
5,5,97,هاتف ذكي برو ماكس - اصدار خاص,0.7892714121681212
6,1,97,هاتف ذكي برو ماكس - اصدار خاص,0.8481262974931039
6,2,67,لابتوب الترا سليم - اصدار خاص,0.815056350771942
6,3,68,تابلت 10 انش - اصدار خاص,0.7771350167821947
6,4,177,لابتوب الترا سليم - اصدار خاص,0.7371813049491649
6,5,124,كاميرا ميرورليس - اصدار خاص,0.6942487109466275
7,1,177,لابتوب الترا سليم - اصدار خاص,0.854697716387129
7,2,102,تابلت 10 انش - اصدار خاص,0.8215837961779151
7,3,107,كاميرا ميرورليس - اصدار خاص,0.8203616144226069
7,4,194,ساعه ذكيه سبورت - اصدار خاص,0.7951159397532273
7,5,69,لابتوب الترا سليم - اصدار خاص,0.7830451100700334
8,1,5,تابلت 10 انش,0.9033046777908831
8,2,141,ساعه ذكيه سبورت - اصدار خاص,0.8307969886607491
8,3,126,شاحن لاسلكي سريع - اصدار خاص,0.8161043052641933
8,4,115,شاحن لاسلكي سريع - اصدار خاص,0.7515459647269985
8,5,174,تابلت 10 انش - اصدار خاص,0.7283709031650619
9,1,10,شاحن لاسلكي سريع,0.8891496051005796
9,2,3,سماعات لاسلكيه,0.8713377445269744
9,3,4,ساعه ذكيه سبورت,0.8360904976392904
9,4,42,لباس رياضي ضاغط,0.6939722460375192
9,5,50,عداد خطوات ذكي,0.6807419697336683
10,1,3,سماعات لاسلكيه,0.9571621440890034
10,2,4,ساعه ذكيه سبورت,0.9486941991438075
10,3,9,راوتر واي فاي 6,0.8891496051005796
10,4,41,حذاء جري احترافي,0.7445542377350699
10,5,48,حقيبه رياضيه جيم,0.7318110198116468
11,1,125,شال كشمير ناعم - اصدار خاص,0.9395645511716019
11,2,155,حذاء رياضي مريح - اصدار خاص,0.9228372400826648
11,3,93,شال كشمير ناعم - اصدار خاص,0.9188412088405785
11,4,180,شال كشمير ناعم - اصدار خاص,0.9081505814968887
11,5,83,فستان سهره انيق - اصدار خاص,0.8974526635566301
12,1,121,حذاء رياضي مريح - اصدار خاص,0.9292431806536192
12,2,164,حقيبه يد جلديه - اصدار خاص,0.928468000703388
12,3,198,حقيبه يد جلديه - اصدار خاص,0.920398437174177
12,4,66,قميص قطني كلاسيكي - اصدار خاص,0.9181625278579617
12,5,14,عباءه مطرزه فاخره,0.916803683266523
13,1,20,حذاء رسمي جلد,0.9219905578618813
13,2,18,جاكيت شتوي دافي,0.8971722497218451
13,3,190,حذاء رسمي جلد - اصدار خاص,0.8840769778040951
13,4,164,حقيبه يد جلديه - اصدار خاص,0.8708467065711756
13,5,66,قميص قطني كلاسيكي - اصدار خاص,0.8657730996152603
14,1,12,فستان سهره انيق,0.916803683266523
14,2,121,حذاء رياضي مريح - اصدار خاص,0.8684485570094449
14,3,164,حقيبه يد جلديه - اصدار خاص,0.854127291109648
14,4,19,تيشيرت بولو قطن,0.8489785549021222
14,5,198,حقيبه يد جلديه - اصدار خاص,0.844074372615649
15,1,18,جاكيت شتوي دافي,0.9621226938686585
15,2,16,حقيبه يد جلديه,0.9514682543306061
15,3,73,فستان سهره انيق - اصدار خاص,0.9368340433859811
15,4,66,قميص قطني كلاسيكي - اصدار خاص,0.9086190911456009
15,5,12,فستان سهره انيق,0.9069083494170048
16,1,15,حذاء رياضي مريح,0.9514682543306061
16,2,18,جاكيت شتوي دافي,0.942626898540498
16,3,73,فستان سهره انيق - اصدار خاص,0.9322171328949738
16,4,17,شال كشمير ناعم,0.9193781558672807
16,5,83,فستان سهره انيق - اصدار خاص,0.9038346430341084
17,1,73,فستان سهره انيق - اصدار خاص,0.9538677437804897
17,2,83,فستان سهره انيق - اصدار خاص,0.9528734655089963
17,3,169,فستان سهره انيق - اصدار خاص,0.924963141854547
17,4,16,حقيبه يد جلديه,0.9193781558672807
17,5,15,حذاء رياضي مريح,0.8982528279236481
18,1,15,حذاء رياضي مريح,0.9621226938686585
18,2,16,حقيبه يد جلديه,0.942626898540498
18,3,66,قميص قطني كلاسيكي - اصدار خاص,0.9181000140082621
18,4,73,فستان سهره انيق - اصدار خاص,0.9072766675488728
18,5,12,فستان سهره انيق,0.9027618957438845
19,1,129,تيشيرت بولو قطن - اصدار خاص,0.9495886522996895
19,2,166,فستان سهره انيق - اصدار خاص,0.9397532889760678
19,3,121,حذاء رياضي مريح - اصدار خاص,0.9378420591891418
19,4,100,حقيبه يد جلديه - اصدار خاص,0.9133999956649513
19,5,12,فستان سهره انيق,0.9077649974624173
20,1,190,حذاء رسمي جلد - اصدار خاص,0.9544747427340432
20,2,13,بنطلون جينز سليم فيت,0.9219905578618813
20,3,121,حذاء رياضي مريح - اصدار خاص,0.9084363205404754
20,4,63,حذاء رياضي مريح - اصدار خاص,0.8898877698267393
20,5,127,قميص قطني كلاسيكي - اصدار خاص,0.886728816577778
21,1,23,ثلاجه نوفروست 350 لتر,0.9203988848097852
21,2,154,ثلاجه نوفروست 350 لتر - اصدار خاص,0.8505922633022127
21,3,178,مكيف هواء انفيرتر 18000 - اصدار خاص,0.783057516681761
21,4,134,ثلاجه نوفروست 350 لتر - اصدار خاص,0.769615394200488
21,5,130,ثلاجه نوفروست 350 لتر - اصدار خاص,0.7696058956408085
22,1,27,فرن كهربايي 60 لتر,0.8717170265327483
22,2,162,ثلاجه نوفروست 350 لتر - اصدار خاص,0.8624467329849823
22,3,91,فرن كهربايي 60 لتر - اصدار خاص,0.8443016719194705
22,4,119,ماكينه قهوه اسبريسو - اصدار خاص,0.8427147785117884
22,5,30,مكواه بخاريه احترافيه,0.825777638419056
23,1,21,مكيف هواء انفيرتر 18000,0.9203988848097852
23,2,154,ثلاجه نوفروست 350 لتر - اصدار خاص,0.9129307860060776
23,3,178,مكيف هواء انفيرتر 18000 - اصدار خاص,0.8339035756089466
23,4,130,ثلاجه نوفروست 350 لتر - اصدار خاص,0.8157932343416019
23,5,22,غساله اوتوماتيك 8 كيلو,0.7702904113256315
24,1,168,مجموعه سكاكين مطبخ - اصدار خاص,0.9059710611373358
24,2,61,فرن كهربايي 60 لتر - اصدار خاص,0.857553121129075
24,3,170,فرن كهربايي 60 لتر - اصدار خاص,0.8406628045017795
24,4,136,فرن كهربايي 60 لتر - اصدار خاص,0.8232452131998659
24,5,101,مجموعه سكاكين مطبخ - اصدار خاص,0.8200626775964712
25,1,26,طقم اواني طهي غرانيت,0.9256281504863981
25,2,28,خلاط كهربايي متعدد الوظايف,0.8491664688559264
25,3,29,مجموعه سكاكين مطبخ,0.7956216181531498
25,4,3,سماعات لاسلكيه,0.6664961087403865
25,5,41,حذاء جري احترافي,0.6587379351335023
26,1,25,ماكينه قهوه اسبريسو,0.9256281504863981
26,2,29,مجموعه سكاكين مطبخ,0.8593064120671453
26,3,28,خلاط كهربايي متعدد الوظايف,0.8542125632762929
26,4,46,حصيره يوغا مضاده للانزلاق,0.623135797148411
26,5,48,حقيبه رياضيه جيم,0.6155146340622967
27,1,30,مكواه بخاريه احترافيه,0.9363436240816909
27,2,119,ماكينه قهوه اسبريسو - اصدار خاص,0.8903010062904533
27,3,111,مكواه بخاريه احترافيه - اصدار خاص,0.8720236790538364
27,4,22,غساله اوتوماتيك 8 كيلو,0.8717170265327483
27,5,80,ماكينه قهوه اسبريسو - اصدار خاص,0.8415670224314858
28,1,26,طقم اواني طهي غرانيت,0.8542125632762929
28,2,25,ماكينه قهوه اسبريسو,0.8491664688559264
28,3,29,مجموعه سكاكين مطبخ,0.7467495202361738
28,4,3,سماعات لاسلكيه,0.6027425350405009
28,5,42,لباس رياضي ضاغط,0.5684169036107767
29,1,26,طقم اواني طهي غرانيت,0.8593064120671453
29,2,25,ماكينه قهوه اسبريسو,0.7956216181531498
29,3,28,خلاط كهربايي متعدد الوظايف,0.7467495202361738
29,4,46,حصيره يوغا مضاده للانزلاق,0.5550995597764754
29,5,48,حقيبه رياضيه جيم,0.5254498243449535
30,1,27,فرن كهربايي 60 لتر,0.9363436240816909
30,2,111,مكواه بخاريه احترافيه - اصدار خاص,0.8510970345135895
30,3,119,ماكينه قهوه اسبريسو - اصدار خاص,0.829591656437409
30,4,22,غساله اوتوماتيك 8 كيلو,0.825777638419056
30,5,91,فرن كهربايي 60 لتر - اصدار خاص,0.7417854408361325
31,1,33,مجموعه عنايه بالشعر,0.9188210075114076
31,2,79,سيروم فيتامين سي - اصدار خاص,0.8833700362816077
31,3,34,طقم مكياج احترافي,0.8528487935079072
31,4,39,قناع وجه كولاجين,0.8491598335122493
31,5,35,عطر نسايي زهري,0.8316669412381237
32,1,79,سيروم فيتامين سي - اصدار خاص,0.962224931350931
32,2,35,عطر نسايي زهري,0.8265547081780431
32,3,31,كريم مرطب SPF 50,0.8234253743904396
32,4,39,قناع وجه كولاجين,0.8180174313600765
32,5,33,مجموعه عنايه بالشعر,0.8154858805308698
33,1,35,عطر نسايي زهري,0.9404253636847785
33,2,31,كريم مرطب SPF 50,0.9188210075114076
33,3,79,سيروم فيتامين سي - اصدار خاص,0.8620871443886303
33,4,38,زيت ارغان طبيعي,0.8492550272638786
33,5,34,طقم مكياج احترافي,0.8314794598063526
34,1,181,عطر رجالي عودي - اصدار خاص,0.8745657856170626
34,2,109,قناع وجه كولاجين - اصدار خاص,0.865470424909145
34,3,31,كريم مرطب SPF 50,0.8528487935079072
34,4,33,مجموعه عنايه بالشعر,0.8314794598063526
34,5,78,عطر رجالي عودي - اصدار خاص,0.8069408858994844
35,1,33,مجموعه عنايه بالشعر,0.9404253636847785
35,2,79,سيروم فيتامين سي - اصدار خاص,0.895578983789656
35,3,31,كريم مرطب SPF 50,0.8316669412381237
35,4,32,سيروم فيتامين سي,0.8265547081780431
35,5,38,زيت ارغان طبيعي,0.7856774556617043
36,1,187,عطر رجالي عودي - اصدار خاص,0.8536946616322942
36,2,122,طقم مكياج احترافي - اصدار خاص,0.8505649656955048
36,3,40,مزيل عرق رول اون,0.8059375498455276
36,4,37,غسول وجه للبشره الحساسه,0.8053181696594429
36,5,143,عطر رجالي عودي - اصدار خاص,0.8001240784543135
37,1,39,قناع وجه كولاجين,0.9826846022786141
37,2,38,زيت ارغان طبيعي,0.9054433121695238
37,3,122,طقم مكياج احترافي - اصدار خاص,0.8765284172758114
37,4,179,مجموعه عنايه بالشعر - اصدار خاص,0.8293429263895415
37,5,132,عطر رجالي عودي - اصدار خاص,0.8195917793043981
38,1,37,غسول وجه للبشره الحساسه,0.9054433121695238
38,2,39,قناع وجه كولاجين,0.8860560943425806
38,3,33,مجموعه عنايه بالشعر,0.8492550272638786
38,4,31,كريم مرطب SPF 50,0.8078829860975214
38,5,36,عطر رجالي عودي,0.7895916131585748
39,1,37,غسول وجه للبشره الحساسه,0.9826846022786141
39,2,38,زيت ارغان طبيعي,0.8860560943425806
39,3,179,مجموعه عنايه بالشعر - اصدار خاص,0.8664466632722118
39,4,122,طقم مكياج احترافي - اصدار خاص,0.8644985818085773
39,5,31,كريم مرطب SPF 50,0.8491598335122493
40,1,183,كريم مرطب SPF 50 - اصدار خاص,0.9351781881655972
40,2,182,سيروم فيتامين سي - اصدار خاص,0.8687719891709162
40,3,160,زيت ارغان طبيعي - اصدار خاص,0.8380659564659642
40,4,36,عطر رجالي عودي,0.8059375498455276
40,5,187,عطر رجالي عودي - اصدار خاص,0.8011415621793017
41,1,48,حقيبه رياضيه جيم,0.9512259622607075
41,2,42,لباس رياضي ضاغط,0.9197882067187587
41,3,50,عداد خطوات ذكي,0.9146814586005224
41,4,46,حصيره يوغا مضاده للانزلاق,0.8974802903993573
41,5,47,اوزان حديد طقم 20 كيلو,0.837463915822791
42,1,50,عداد خطوات ذكي,0.9918917724868221
42,2,47,اوزان حديد طقم 20 كيلو,0.9498454395634631
42,3,48,حقيبه رياضيه جيم,0.9357926168680125
42,4,41,حذاء جري احترافي,0.9197882067187587
42,5,46,حصيره يوغا مضاده للانزلاق,0.8334689454851804
43,1,139,حقيبه رياضيه جيم - اصدار خاص,0.8802770889646236
43,2,165,حذاء جري احترافي - اصدار خاص,0.8781093788509655
43,3,71,حصيره يوغا مضاده للانزلاق - اصدار خاص,0.842554718707113
43,4,86,لباس رياضي ضاغط - اصدار خاص,0.776179119583536
43,5,49,جهاز قياس ضغط الدم,0.7731016408886509
44,1,96,دراجه هواييه جبليه - اصدار خاص,0.8682114687379772
44,2,86,لباس رياضي ضاغط - اصدار خاص,0.7983246471350481
44,3,165,حذاء جري احترافي - اصدار خاص,0.7890097095334122
44,4,49,جهاز قياس ضغط الدم,0.7668888417209033
44,5,95,كره قدم رسميه فيفا - اصدار خاص,0.7637295143507005
45,1,148,حذاء جري احترافي - اصدار خاص,0.9489385820151935
45,2,167,حقيبه رياضيه جيم - اصدار خاص,0.894860981997032
45,3,123,عداد خطوات ذكي - اصدار خاص,0.8919891133804257
45,4,173,حذاء جري احترافي - اصدار خاص,0.8857108239133362
45,5,157,جهاز قياس ضغط الدم - اصدار خاص,0.826561498196501
46,1,48,حقيبه رياضيه جيم,0.9615792433233159
46,2,41,حذاء جري احترافي,0.8974802903993573
46,3,50,عداد خطوات ذكي,0.8659560136196864
46,4,42,لباس رياضي ضاغط,0.8334689454851804
46,5,47,اوزان حديد طقم 20 كيلو,0.8187261639041032
47,1,50,عداد خطوات ذكي,0.970124321448867
47,2,42,لباس رياضي ضاغط,0.9498454395634631
47,3,48,حقيبه رياضيه جيم,0.925346270953239
47,4,41,حذاء جري احترافي,0.837463915822791
47,5,46,حصيره يوغا مضاده للانزلاق,0.8187261639041032
48,1,46,حصيره يوغا مضاده للانزلاق,0.9615792433233159
48,2,50,عداد خطوات ذكي,0.9601507111723016
48,3,41,حذاء جري احترافي,0.9512259622607075
48,4,42,لباس رياضي ضاغط,0.9357926168680125
48,5,47,اوزان حديد طقم 20 كيلو,0.925346270953239
49,1,86,لباس رياضي ضاغط - اصدار خاص,0.961174109194713
49,2,71,حصيره يوغا مضاده للانزلاق - اصدار خاص,0.9299761465532659
49,3,165,حذاء جري احترافي - اصدار خاص,0.9118025890592665
49,4,139,حقيبه رياضيه جيم - اصدار خاص,0.8905169908253892
49,5,98,اوزان حديد طقم 20 كيلو - اصدار خاص,0.8809527731465863
50,1,42,لباس رياضي ضاغط,0.9918917724868221
50,2,47,اوزان حديد طقم 20 كيلو,0.970124321448867
50,3,48,حقيبه رياضيه جيم,0.9601507111723016
50,4,41,حذاء جري احترافي,0.9146814586005224
50,5,46,حصيره يوغا مضاده للانزلاق,0.8659560136196864
51,1,113,كتاب تعلم البرمجه بالعربيه - اصدار خاص,0.9000177130615843
51,2,52,موسوعه التاريخ الاسلامي,0.8903606603969316
51,3,84,كتاب الطبخ العربي التقليدي - اصدار خاص,0.8867174566362739
51,4,59,كتاب تطوير الذات والتحفيز,0.8512484940075907
51,5,55,روايه عربيه بيست سيلر,0.8315642626531724
52,1,59,كتاب تطوير الذات والتحفيز,0.9177996274983184
52,2,200,موسوعه التاريخ الاسلامي - اصدار خاص,0.9051645467136378
52,3,51,كتاب تعلم البرمجه بالعربيه,0.8903606603969316
52,4,55,روايه عربيه بيست سيلر,0.883396395618181
52,5,92,موسوعه التاريخ الاسلامي - اصدار خاص,0.8798337923992595
53,1,74,كتاب الطبخ العربي التقليدي - اصدار خاص,0.8630215392962151
53,2,57,مجموعه كتب الطفل التعليميه,0.853011761405913
53,3,52,موسوعه التاريخ الاسلامي,0.8507693823906161
53,4,58,كتاب الطبخ العربي التقليدي,0.8483189971466584
53,5,92,موسوعه التاريخ الاسلامي - اصدار خاص,0.8463551465424491
54,1,56,دوره برمجه اكاديميه USB,0.795891526729744
54,2,89,كتاب رياده الاعمال والنجاح - اصدار خاص,0.7485387502680723
54,3,51,كتاب تعلم البرمجه بالعربيه,0.7458466524306695
54,4,94,قاموس عربي انجليزي شامل - اصدار خاص,0.7383293676535
54,5,62,كتاب الطبخ العربي التقليدي - اصدار خاص,0.7242520377003661
55,1,59,كتاب تطوير الذات والتحفيز,0.9523466965845379
55,2,200,موسوعه التاريخ الاسلامي - اصدار خاص,0.9157353272706666
55,3,150,اطلس العالم المصور - اصدار خاص,0.9021489871016645
55,4,99,مجموعه كتب الطفل التعليميه - اصدار خاص,0.8932355282706184
55,5,52,موسوعه التاريخ الاسلامي,0.883396395618181
56,1,60,اطلس العالم المصور,0.8402846811584114
56,2,54,قاموس عربي انجليزي شامل,0.795891526729744
56,3,171,موسوعه التاريخ الاسلامي - اصدار خاص,0.7737107840102302
56,4,52,موسوعه التاريخ الاسلامي,0.7733029053705162
56,5,144,كتاب تطوير الذات والتحفيز - اصدار خاص,0.7636710630309137
57,1,58,كتاب الطبخ العربي التقليدي,0.9583012267939864
57,2,60,اطلس العالم المصور,0.9128697329260502
57,3,92,موسوعه التاريخ الاسلامي - اصدار خاص,0.8970758052027353
57,4,144,كتاب تطوير الذات والتحفيز - اصدار خاص,0.8801027135354473
57,5,53,كتاب رياده الاعمال والنجاح,0.853011761405913
58,1,57,مجموعه كتب الطفل التعليميه,0.9583012267939864
58,2,92,موسوعه التاريخ الاسلامي - اصدار خاص,0.9008186909980256
58,3,144,كتاب تطوير الذات والتحفيز - اصدار خاص,0.9006444597101517
58,4,172,كتاب رياده الاعمال والنجاح - اصدار خاص,0.8928214879121311
58,5,193,مجموعه كتب الطفل التعليميه - اصدار خاص,0.8615351855630036
59,1,200,موسوعه التاريخ الاسلامي - اصدار خاص,0.9661651743855494
59,2,99,مجموعه كتب الطفل التعليميه - اصدار خاص,0.9594973620415383
59,3,55,روايه عربيه بيست سيلر,0.9523466965845379
59,4,84,كتاب الطبخ العربي التقليدي - اصدار خاص,0.9369405450224942
59,5,175,مجموعه كتب الطفل التعليميه - اصدار خاص,0.9298466933414256
60,1,92,موسوعه التاريخ الاسلامي - اصدار خاص,0.920255933787291
60,2,57,مجموعه كتب الطفل التعليميه,0.9128697329260502
60,3,144,كتاب تطوير الذات والتحفيز - اصدار خاص,0.908801326350174
60,4,77,دوره برمجه اكاديميه USB - اصدار خاص,0.8972898330422359
60,5,163,دوره برمجه اكاديميه USB - اصدار خاص,0.891479530688271
61,1,170,فرن كهربايي 60 لتر - اصدار خاص,0.9050868710730353
61,2,136,فرن كهربايي 60 لتر - اصدار خاص,0.9038609974145912
61,3,134,ثلاجه نوفروست 350 لتر - اصدار خاص,0.8710006739701407
61,4,197,مكيف هواء انفيرتر 18000 - اصدار خاص,0.8587693209225336
61,5,168,مجموعه سكاكين مطبخ - اصدار خاص,0.8583514432715712
62,1,89,كتاب رياده الاعمال والنجاح - اصدار خاص,0.9726691588040928
62,2,94,قاموس عربي انجليزي شامل - اصدار خاص,0.9174166214381594
62,3,144,كتاب تطوير الذات والتحفيز - اصدار خاص,0.8365997394529653
62,4,171,موسوعه التاريخ الاسلامي - اصدار خاص,0.8267727074359111
62,5,186,كتاب الطبخ العربي التقليدي - اصدار خاص,0.8093377884759749
63,1,127,قميص قطني كلاسيكي - اصدار خاص,0.9210336500192103
63,2,166,فستان سهره انيق - اصدار خاص,0.8941094853449656
63,3,20,حذاء رسمي جلد,0.8898877698267393
63,4,190,حذاء رسمي جلد - اصدار خاص,0.8353160240625398
63,5,129,تيشيرت بولو قطن - اصدار خاص,0.8288751516348716
64,1,78,عطر رجالي عودي - اصدار خاص,0.9179544172785882
64,2,109,قناع وجه كولاجين - اصدار خاص,0.905146415855999
64,3,181,عطر رجالي عودي - اصدار خاص,0.8683953784061444
64,4,160,زيت ارغان طبيعي - اصدار خاص,0.8609127116450714
64,5,182,سيروم فيتامين سي - اصدار خاص,0.8447018540348283
65,1,82,مجموعه سكاكين مطبخ - اصدار خاص,0.9317387670585471
65,2,135,طقم اواني طهي غرانيت - اصدار خاص,0.9108122888229413
65,3,85,ماكينه قهوه اسبريسو - اصدار خاص,0.8927831652848413
65,4,106,فرن كهربايي 60 لتر - اصدار خاص,0.8892307762367098
65,5,111,مكواه بخاريه احترافيه - اصدار خاص,0.8582954243099675
66,1,164,حقيبه يد جلديه - اصدار خاص,0.9683034210680158
66,2,73,فستان سهره انيق - اصدار خاص,0.9536479931146973
66,3,152,شال كشمير ناعم - اصدار خاص,0.9477297866204534
66,4,169,فستان سهره انيق - اصدار خاص,0.9187422685001827
66,5,12,فستان سهره انيق,0.9181625278579617
67,1,97,هاتف ذكي برو ماكس - اصدار خاص,0.8872206583577151
67,2,6,شاشه 4K 27 انش,0.815056350771942
67,3,5,تابلت 10 انش,0.7787214300873949
67,4,174,تابلت 10 انش - اصدار خاص,0.7195144681222508
67,5,112,شاشه 4K 27 انش - اصدار خاص,0.6890227423746723
68,1,142,مكبر صوت بلوتوث - اصدار خاص,0.9336280069458057
68,2,161,شاحن لاسلكي سريع - اصدار خاص,0.9181459868365378
68,3,75,تابلت 10 انش - اصدار خاص,0.8807434715735221
68,4,97,هاتف ذكي برو ماكس - اصدار خاص,0.7893422701335513
68,5,141,ساعه ذكيه سبورت - اصدار خاص,0.7822877804893699
69,1,107,كاميرا ميرورليس - اصدار خاص,0.9693689167641977
69,2,177,لابتوب الترا سليم - اصدار خاص,0.9574035066688116
69,3,108,كاميرا ميرورليس - اصدار خاص,0.9466954399017311
69,4,124,كاميرا ميرورليس - اصدار خاص,0.9292704465894162
69,5,147,هاتف ذكي برو ماكس - اصدار خاص,0.8391800005468975
70,1,119,ماكينه قهوه اسبريسو - اصدار خاص,0.9580481726083085
70,2,197,مكيف هواء انفيرتر 18000 - اصدار خاص,0.931079290716344
70,3,85,ماكينه قهوه اسبريسو - اصدار خاص,0.9186256671834024
70,4,135,طقم اواني طهي غرانيت - اصدار خاص,0.9049522508575505
70,5,106,فرن كهربايي 60 لتر - اصدار خاص,0.8959450113411063
71,1,139,حقيبه رياضيه جيم - اصدار خاص,0.9787264936604676
71,2,165,حذاء جري احترافي - اصدار خاص,0.9568656444115489
71,3,98,اوزان حديد طقم 20 كيلو - اصدار خاص,0.9469688188384159
71,4,86,لباس رياضي ضاغط - اصدار خاص,0.9465251917172249
71,5,49,جهاز قياس ضغط الدم,0.9299761465532659
72,1,87,طقم مكياج احترافي - اصدار خاص,0.8596232741158129
72,2,181,عطر رجالي عودي - اصدار خاص,0.8418566849912533
72,3,132,عطر رجالي عودي - اصدار خاص,0.7988045958043348
72,4,183,كريم مرطب SPF 50 - اصدار خاص,0.7877579975619371
72,5,189,مزيل عرق رول اون - اصدار خاص,0.7621204736332969
73,1,83,فستان سهره انيق - اصدار خاص,0.9771908936575023
73,2,169,فستان سهره انيق - اصدار خاص,0.9636625973145305
73,3,17,شال كشمير ناعم,0.9538677437804897
73,4,66,قميص قطني كلاسيكي - اصدار خاص,0.9536479931146973
73,5,15,حذاء رياضي مريح,0.9368340433859811
74,1,145,قاموس عربي انجليزي شامل - اصدار خاص,0.9453503654941406
74,2,92,موسوعه التاريخ الاسلامي - اصدار خاص,0.9365850255266903
74,3,175,مجموعه كتب الطفل التعليميه - اصدار خاص,0.9207648256077874
74,4,120,روايه عربيه بيست سيلر - اصدار خاص,0.9170877407359027
74,5,172,كتاب رياده الاعمال والنجاح - اصدار خاص,0.9066653377726165
75,1,141,ساعه ذكيه سبورت - اصدار خاص,0.920651102812445
75,2,161,شاحن لاسلكي سريع - اصدار خاص,0.9063752652157542
75,3,115,شاحن لاسلكي سريع - اصدار خاص,0.8893104645960479
75,4,68,تابلت 10 انش - اصدار خاص,0.8807434715735221
75,5,126,شاحن لاسلكي سريع - اصدار خاص,0.8687250023886368
76,1,114,حقيبه رياضيه جيم - اصدار خاص,0.9844905021601634
76,2,105,حقيبه رياضيه جيم - اصدار خاص,0.9760637491954836
76,3,110,جهاز قياس ضغط الدم - اصدار خاص,0.9645061360246943
76,4,95,كره قدم رسميه فيفا - اصدار خاص,0.9429586620390868
76,5,118,حصيره يوغا مضاده للانزلاق - اصدار خاص,0.8708160807637086
77,1,193,مجموعه كتب الطفل التعليميه - اصدار خاص,0.9526697868513704
77,2,163,دوره برمجه اكاديميه USB - اصدار خاص,0.9481422953787277
77,3,196,اطلس العالم المصور - اصدار خاص,0.9301698295387816
77,4,92,موسوعه التاريخ الاسلامي - اصدار خاص,0.8997833297244453
77,5,60,اطلس العالم المصور,0.8972898330422359
78,1,182,سيروم فيتامين سي - اصدار خاص,0.9533755762664731
78,2,64,عطر رجالي عودي - اصدار خاص,0.9179544172785882
78,3,109,قناع وجه كولاجين - اصدار خاص,0.8858485415894204
78,4,183,كريم مرطب SPF 50 - اصدار خاص,0.8636958175181061
78,5,181,عطر رجالي عودي - اصدار خاص,0.841670186251106
79,1,32,سيروم فيتامين سي,0.962224931350931
79,2,35,عطر نسايي زهري,0.895578983789656
79,3,31,كريم مرطب SPF 50,0.8833700362816077
79,4,33,مجموعه عنايه بالشعر,0.8620871443886303
79,5,39,قناع وجه كولاجين,0.7641386885331549
80,1,128,مكواه بخاريه احترافيه - اصدار خاص,0.8608889176485219
80,2,168,مجموعه سكاكين مطبخ - اصدار خاص,0.8543890677154748
80,3,153,فرن كهربايي 60 لتر - اصدار خاص,0.8472996375166849
80,4,195,فرن كهربايي 60 لتر - اصدار خاص,0.8441249104670498
80,5,27,فرن كهربايي 60 لتر,0.8415670224314858
81,1,112,شاشه 4K 27 انش - اصدار خاص,0.9246407834848365
81,2,90,شاشه 4K 27 انش - اصدار خاص,0.8803119275779588
81,3,102,تابلت 10 انش - اصدار خاص,0.8428247200391098
81,4,147,هاتف ذكي برو ماكس - اصدار خاص,0.7869098551446084
81,5,194,ساعه ذكيه سبورت - اصدار خاص,0.7048218625731754
82,1,135,طقم اواني طهي غرانيت - اصدار خاص,0.9673587669921193
82,2,65,مكنسه كهرباييه لاسلكيه - اصدار خاص,0.9317387670585471
82,3,111,مكواه بخاريه احترافيه - اصدار خاص,0.8976562501655649
82,4,85,ماكينه قهوه اسبريسو - اصدار خاص,0.8669834359179291
82,5,176,فرن كهربايي 60 لتر - اصدار خاص,0.8656001628116969
83,1,73,فستان سهره انيق - اصدار خاص,0.9771908936575023
83,2,169,فستان سهره انيق - اصدار خاص,0.9644161212378916
83,3,17,شال كشمير ناعم,0.9528734655089963
83,4,155,حذاء رياضي مريح - اصدار خاص,0.9285981479695022
83,5,15,حذاء رياضي مريح,0.9067900954226955
84,1,200,موسوعه التاريخ الاسلامي - اصدار خاص,0.9694749424652034
84,2,59,كتاب تطوير الذات والتحفيز,0.9369405450224942
84,3,94,قاموس عربي انجليزي شامل - اصدار خاص,0.910063761777629
84,4,175,مجموعه كتب الطفل التعليميه - اصدار خاص,0.8895740647758468
84,5,51,كتاب تعلم البرمجه بالعربيه,0.8867174566362739
85,1,162,ثلاجه نوفروست 350 لتر - اصدار خاص,0.9482388970923317
85,2,70,فرن كهربايي 60 لتر - اصدار خاص,0.9186256671834024
85,3,119,ماكينه قهوه اسبريسو - اصدار خاص,0.8940070485840247
85,4,65,مكنسه كهرباييه لاسلكيه - اصدار خاص,0.8927831652848413
85,5,106,فرن كهربايي 60 لتر - اصدار خاص,0.8794255371010625
86,1,49,جهاز قياس ضغط الدم,0.961174109194713
86,2,98,اوزان حديد طقم 20 كيلو - اصدار خاص,0.9481462997960352
86,3,165,حذاء جري احترافي - اصدار خاص,0.946680809916725
86,4,71,حصيره يوغا مضاده للانزلاق - اصدار خاص,0.9465251917172249
86,5,139,حقيبه رياضيه جيم - اصدار خاص,0.9326646828366438
87,1,181,عطر رجالي عودي - اصدار خاص,0.9071326354049756
87,2,72,كريم مرطب SPF 50 - اصدار خاص,0.8596232741158129
87,3,122,طقم مكياج احترافي - اصدار خاص,0.8335089123286608
87,4,109,قناع وجه كولاجين - اصدار خاص,0.8321972995108107
87,5,179,مجموعه عنايه بالشعر - اصدار خاص,0.8145413931610208
88,1,175,مجموعه كتب الطفل التعليميه - اصدار خاص,0.9211736208832099
88,2,172,كتاب رياده الاعمال والنجاح - اصدار خاص,0.9080263836294342
88,3,120,روايه عربيه بيست سيلر - اصدار خاص,0.8982392582981954
88,4,200,موسوعه التاريخ الاسلامي - اصدار خاص,0.8934678470414107
88,5,92,موسوعه التاريخ الاسلامي - اصدار خاص,0.8557344118579185
89,1,62,كتاب الطبخ العربي التقليدي - اصدار خاص,0.9726691588040928
89,2,94,قاموس عربي انجليزي شامل - اصدار خاص,0.9087707173009646
89,3,144,كتاب تطوير الذات والتحفيز - اصدار خاص,0.8953518868112718
89,4,171,موسوعه التاريخ الاسلامي - اصدار خاص,0.8816156371106696
89,5,133,اطلس العالم المصور - اصدار خاص,0.8248797189936117
90,1,112,شاشه 4K 27 انش - اصدار خاص,0.96068720578532
90,2,81,شاشه 4K 27 انش - اصدار خاص,0.8803119275779588
90,3,102,تابلت 10 انش - اصدار خاص,0.8269830753545815
90,4,194,ساعه ذكيه سبورت - اصدار خاص,0.8049877684605188
90,5,147,هاتف ذكي برو ماكس - اصدار خاص,0.7731052262279365
91,1,136,فرن كهربايي 60 لتر - اصدار خاص,0.8806487392702369
91,2,22,غساله اوتوماتيك 8 كيلو,0.8443016719194705
91,3,119,ماكينه قهوه اسبريسو - اصدار خاص,0.7826157105428343
91,4,153,فرن كهربايي 60 لتر - اصدار خاص,0.7782966062812933
91,5,197,مكيف هواء انفيرتر 18000 - اصدار خاص,0.7782166571572333
92,1,175,مجموعه كتب الطفل التعليميه - اصدار خاص,0.9686780878385504
92,2,193,مجموعه كتب الطفل التعليميه - اصدار خاص,0.9574913614239036
92,3,172,كتاب رياده الاعمال والنجاح - اصدار خاص,0.9427583195364369
92,4,99,مجموعه كتب الطفل التعليميه - اصدار خاص,0.93929414597368
92,5,144,كتاب تطوير الذات والتحفيز - اصدار خاص,0.9382594508995736
93,1,180,شال كشمير ناعم - اصدار خاص,0.9673008876273739
93,2,156,قميص قطني كلاسيكي - اصدار خاص,0.9666023486102484
93,3,100,حقيبه يد جلديه - اصدار خاص,0.9265759602673453
93,4,125,شال كشمير ناعم - اصدار خاص,0.9253304508742765
93,5,11,قميص قطني كلاسيكي,0.9188412088405785
94,1,150,اطلس العالم المصور - اصدار خاص,0.9294423722584962
94,2,62,كتاب الطبخ العربي التقليدي - اصدار خاص,0.9174166214381594
94,3,200,موسوعه التاريخ الاسلامي - اصدار خاص,0.915102944238348
94,4,84,كتاب الطبخ العربي التقليدي - اصدار خاص,0.910063761777629
94,5,89,كتاب رياده الاعمال والنجاح - اصدار خاص,0.9087707173009646
95,1,110,جهاز قياس ضغط الدم - اصدار خاص,0.9893082693751922
95,2,76,حقيبه رياضيه جيم - اصدار خاص,0.9429586620390868
95,3,86,لباس رياضي ضاغط - اصدار خاص,0.9288056709158439
95,4,114,حقيبه رياضيه جيم - اصدار خاص,0.905296796057953
95,5,98,اوزان حديد طقم 20 كيلو - اصدار خاص,0.9012860718011373
96,1,138,جهاز مشي كهربايي - اصدار خاص,0.9345291430866269
96,2,44,جهاز مشي كهربايي,0.8682114687379772
96,3,114,حقيبه رياضيه جيم - اصدار خاص,0.7707935214767453
96,4,105,حقيبه رياضيه جيم - اصدار خاص,0.7692403644497815
96,5,188,جهاز مشي كهربايي - اصدار خاص,0.741832019320829
97,1,174,تابلت 10 انش - اصدار خاص,0.900881408503224
97,2,67,لابتوب الترا سليم - اصدار خاص,0.8872206583577151
97,3,6,شاشه 4K 27 انش,0.8481262974931039
97,4,75,تابلت 10 انش - اصدار خاص,0.8015117444134011
97,5,68,تابلت 10 انش - اصدار خاص,0.7893422701335513
98,1,86,لباس رياضي ضاغط - اصدار خاص,0.9481462997960352
98,2,71,حصيره يوغا مضاده للانزلاق - اصدار خاص,0.9469688188384159
98,3,165,حذاء جري احترافي - اصدار خاص,0.9189364698032538
98,4,139,حقيبه رياضيه جيم - اصدار خاص,0.9125503274453503
98,5,95,كره قدم رسميه فيفا - اصدار خاص,0.9012860718011373
99,1,59,كتاب تطوير الذات والتحفيز,0.9594973620415383
99,2,92,موسوعه التاريخ الاسلامي - اصدار خاص,0.93929414597368
99,3,120,روايه عربيه بيست سيلر - اصدار خاص,0.9234610666534138
99,4,193,مجموعه كتب الطفل التعليميه - اصدار خاص,0.9220874077639034
99,5,175,مجموعه كتب الطفل التعليميه - اصدار خاص,0.9196953972416596
100,1,198,حقيبه يد جلديه - اصدار خاص,0.9849707602429629
100,2,158,فستان سهره انيق - اصدار خاص,0.9702018881920147
100,3,156,قميص قطني كلاسيكي - اصدار خاص,0.9443785722485133
100,4,121,حذاء رياضي مريح - اصدار خاص,0.9359220816693441
100,5,166,فستان سهره انيق - اصدار خاص,0.9266388361317786
101,1,128,مكواه بخاريه احترافيه - اصدار خاص,0.9029589571888488
101,2,153,فرن كهربايي 60 لتر - اصدار خاص,0.8978041029132275
101,3,195,فرن كهربايي 60 لتر - اصدار خاص,0.8310869976118079
101,4,80,ماكينه قهوه اسبريسو - اصدار خاص,0.8250006468578154
101,5,24,مكنسه كهرباييه لاسلكيه,0.8200626775964712
102,1,177,لابتوب الترا سليم - اصدار خاص,0.8847089616836972
102,2,112,شاشه 4K 27 انش - اصدار خاص,0.8780557292781301
102,3,81,شاشه 4K 27 انش - اصدار خاص,0.8428247200391098
102,4,90,شاشه 4K 27 انش - اصدار خاص,0.8269830753545815
102,5,124,كاميرا ميرورليس - اصدار خاص,0.824013710013028
103,1,184,حذاء رسمي جلد - اصدار خاص,0.9195490391472966
103,2,155,حذاء رياضي مريح - اصدار خاص,0.8856193409280183
103,3,11,قميص قطني كلاسيكي,0.8794703360211894
103,4,83,فستان سهره انيق - اصدار خاص,0.8790404622647983
103,5,73,فستان سهره انيق - اصدار خاص,0.8603786024655616
104,1,199,زيت ارغان طبيعي - اصدار خاص,0.9867745238094339
104,2,189,مزيل عرق رول اون - اصدار خاص,0.8980179211547749
104,3,132,عطر رجالي عودي - اصدار خاص,0.8583141471297915
104,4,160,زيت ارغان طبيعي - اصدار خاص,0.849162678283725
104,5,64,عطر رجالي عودي - اصدار خاص,0.81546854173923
105,1,114,حقيبه رياضيه جيم - اصدار خاص,0.9905575016661026
105,2,76,حقيبه رياضيه جيم - اصدار خاص,0.9760637491954836
105,3,110,جهاز قياس ضغط الدم - اصدار خاص,0.9185467847603492
105,4,157,جهاز قياس ضغط الدم - اصدار خاص,0.8860089869451284
105,5,95,كره قدم رسميه فيفا - اصدار خاص,0.883268334179035
106,1,135,طقم اواني طهي غرانيت - اصدار خاص,0.9219267450449933
106,2,70,فرن كهربايي 60 لتر - اصدار خاص,0.8959450113411063
106,3,65,مكنسه كهرباييه لاسلكيه - اصدار خاص,0.8892307762367098
106,4,85,ماكينه قهوه اسبريسو - اصدار خاص,0.8794255371010625
106,5,82,مجموعه سكاكين مطبخ - اصدار خاص,0.8443319958382847
107,1,69,لابتوب الترا سليم - اصدار خاص,0.9693689167641977
107,2,177,لابتوب الترا سليم - اصدار خاص,0.9538868911139106
107,3,108,كاميرا ميرورليس - اصدار خاص,0.9196274867438587
107,4,124,كاميرا ميرورليس - اصدار خاص,0.9138404557045958
107,5,147,هاتف ذكي برو ماكس - اصدار خاص,0.8399293602845124
108,1,124,كاميرا ميرورليس - اصدار خاص,0.9747972668547374
108,2,69,لابتوب الترا سليم - اصدار خاص,0.9466954399017311
108,3,147,هاتف ذكي برو ماكس - اصدار خاص,0.9268732813880134
108,4,107,كاميرا ميرورليس - اصدار خاص,0.9196274867438587
108,5,177,لابتوب الترا سليم - اصدار خاص,0.9023010624140331
109,1,181,عطر رجالي عودي - اصدار خاص,0.9523228389489045
109,2,64,عطر رجالي عودي - اصدار خاص,0.905146415855999
109,3,78,عطر رجالي عودي - اصدار خاص,0.8858485415894204
109,4,182,سيروم فيتامين سي - اصدار خاص,0.8830611559789818
109,5,34,طقم مكياج احترافي,0.865470424909145
110,1,95,كره قدم رسميه فيفا - اصدار خاص,0.9893082693751922
110,2,76,حقيبه رياضيه جيم - اصدار خاص,0.9645061360246943
110,3,114,حقيبه رياضيه جيم - اصدار خاص,0.944944304708563
110,4,86,لباس رياضي ضاغط - اصدار خاص,0.9276415263231745
110,5,159,حصيره يوغا مضاده للانزلاق - اصدار خاص,0.9229853593690696
111,1,82,مجموعه سكاكين مطبخ - اصدار خاص,0.8976562501655649
111,2,176,فرن كهربايي 60 لتر - اصدار خاص,0.8861130709129069
111,3,119,ماكينه قهوه اسبريسو - اصدار خاص,0.8777160485536153
111,4,27,فرن كهربايي 60 لتر,0.8720236790538364
111,5,65,مكنسه كهرباييه لاسلكيه - اصدار خاص,0.8582954243099675
112,1,90,شاشه 4K 27 انش - اصدار خاص,0.96068720578532
112,2,81,شاشه 4K 27 انش - اصدار خاص,0.9246407834848365
112,3,147,هاتف ذكي برو ماكس - اصدار خاص,0.8840214308296395
112,4,102,تابلت 10 انش - اصدار خاص,0.8780557292781301
112,5,107,كاميرا ميرورليس - اصدار خاص,0.7686114079952643
113,1,51,كتاب تعلم البرمجه بالعربيه,0.9000177130615843
113,2,99,مجموعه كتب الطفل التعليميه - اصدار خاص,0.8899497709569515
113,3,144,كتاب تطوير الذات والتحفيز - اصدار خاص,0.8691056365909566
113,4,171,موسوعه التاريخ الاسلامي - اصدار خاص,0.8644184820905798
113,5,74,كتاب الطبخ العربي التقليدي - اصدار خاص,0.86415116360113
114,1,105,حقيبه رياضيه جيم - اصدار خاص,0.9905575016661026
114,2,76,حقيبه رياضيه جيم - اصدار خاص,0.9844905021601634
114,3,110,جهاز قياس ضغط الدم - اصدار خاص,0.944944304708563
114,4,95,كره قدم رسميه فيفا - اصدار خاص,0.905296796057953
114,5,157,جهاز قياس ضغط الدم - اصدار خاص,0.904660384475763
115,1,126,شاحن لاسلكي سريع - اصدار خاص,0.9527460509739032
115,2,75,تابلت 10 انش - اصدار خاص,0.8893104645960479
115,3,161,شاحن لاسلكي سريع - اصدار خاص,0.8578667206313102
115,4,174,تابلت 10 انش - اصدار خاص,0.8458143582462038
115,5,141,ساعه ذكيه سبورت - اصدار خاص,0.8383578436327106
116,1,179,مجموعه عنايه بالشعر - اصدار خاص,0.9768802644917172
116,2,187,عطر رجالي عودي - اصدار خاص,0.9544027523100348
116,3,149,طقم مكياج احترافي - اصدار خاص,0.8968782743407806
116,4,143,عطر رجالي عودي - اصدار خاص,0.8900856577384102
116,5,140,مزيل عرق رول اون - اصدار خاص,0.8655119416674792
117,1,148,حذاء جري احترافي - اصدار خاص,0.9206791204823361
117,2,146,اوزان حديد طقم 20 كيلو - اصدار خاص,0.8882900158656607
117,3,123,عداد خطوات ذكي - اصدار خاص,0.8409481044121954
117,4,157,جهاز قياس ضغط الدم - اصدار خاص,0.8228424303330708
117,5,45,كره قدم رسميه فيفا,0.8201195479436563
118,1,159,حصيره يوغا مضاده للانزلاق - اصدار خاص,0.9088301166980957
118,2,110,جهاز قياس ضغط الدم - اصدار خاص,0.898761842987354
118,3,95,كره قدم رسميه فيفا - اصدار خاص,0.8763123637971679
118,4,76,حقيبه رياضيه جيم - اصدار خاص,0.8708160807637086
118,5,139,حقيبه رياضيه جيم - اصدار خاص,0.8614067819496127
119,1,70,فرن كهربايي 60 لتر - اصدار خاص,0.9580481726083085
119,2,162,ثلاجه نوفروست 350 لتر - اصدار خاص,0.9011890708556183
119,3,176,فرن كهربايي 60 لتر - اصدار خاص,0.8988822197996352
119,4,85,ماكينه قهوه اسبريسو - اصدار خاص,0.8940070485840247
119,5,27,فرن كهربايي 60 لتر,0.8903010062904533
120,1,175,مجموعه كتب الطفل التعليميه - اصدار خاص,0.9444936417084769
120,2,145,قاموس عربي انجليزي شامل - اصدار خاص,0.9396449818821849
120,3,172,كتاب رياده الاعمال والنجاح - اصدار خاص,0.9293652946514563
120,4,193,مجموعه كتب الطفل التعليميه - اصدار خاص,0.927340803499287
120,5,92,موسوعه التاريخ الاسلامي - اصدار خاص,0.9254664404528221
121,1,190,حذاء رسمي جلد - اصدار خاص,0.9621692147027532
121,2,129,تيشيرت بولو قطن - اصدار خاص,0.9492178555974706
121,3,164,حقيبه يد جلديه - اصدار خاص,0.946836890083565
121,4,19,تيشيرت بولو قطن,0.9378420591891418
121,5,100,حقيبه يد جلديه - اصدار خاص,0.9359220816693441
122,1,132,عطر رجالي عودي - اصدار خاص,0.9124206058084429
122,2,189,مزيل عرق رول اون - اصدار خاص,0.9089597943218883
122,3,149,طقم مكياج احترافي - اصدار خاص,0.8845168449232872
122,4,37,غسول وجه للبشره الحساسه,0.8765284172758114
122,5,39,قناع وجه كولاجين,0.8644985818085773
123,1,157,جهاز قياس ضغط الدم - اصدار خاص,0.9427316172667375
123,2,146,اوزان حديد طقم 20 كيلو - اصدار خاص,0.916434173599031
123,3,148,حذاء جري احترافي - اصدار خاص,0.9020386839213783
123,4,114,حقيبه رياضيه جيم - اصدار خاص,0.8996494073735722
123,5,173,حذاء جري احترافي - اصدار خاص,0.8932252761807695
124,1,108,كاميرا ميرورليس - اصدار خاص,0.9747972668547374
124,2,69,لابتوب الترا سليم - اصدار خاص,0.9292704465894162
124,3,177,لابتوب الترا سليم - اصدار خاص,0.924382062057264
124,4,107,كاميرا ميرورليس - اصدار خاص,0.9138404557045958
124,5,147,هاتف ذكي برو ماكس - اصدار خاص,0.8676232570639533
125,1,11,قميص قطني كلاسيكي,0.9395645511716019
125,2,180,شال كشمير ناعم - اصدار خاص,0.9292359034466349
125,3,93,شال كشمير ناعم - اصدار خاص,0.9253304508742765
125,4,152,شال كشمير ناعم - اصدار خاص,0.9024808023817326
125,5,155,حذاء رياضي مريح - اصدار خاص,0.8874226401501204
126,1,115,شاحن لاسلكي سريع - اصدار خاص,0.9527460509739032
126,2,174,تابلت 10 انش - اصدار خاص,0.9319515518848036
126,3,75,تابلت 10 انش - اصدار خاص,0.8687250023886368
126,4,8,مكبر صوت بلوتوث,0.8161043052641933
126,5,142,مكبر صوت بلوتوث - اصدار خاص,0.8124366325775065
127,1,63,حذاء رياضي مريح - اصدار خاص,0.9210336500192103
127,2,166,فستان سهره انيق - اصدار خاص,0.9005382935228556
127,3,164,حقيبه يد جلديه - اصدار خاص,0.893135731677484
127,4,20,حذاء رسمي جلد,0.886728816577778
127,5,190,حذاء رسمي جلد - اصدار خاص,0.853925799640226
128,1,195,فرن كهربايي 60 لتر - اصدار خاص,0.9148926785413692
128,2,101,مجموعه سكاكين مطبخ - اصدار خاص,0.9029589571888488
128,3,80,ماكينه قهوه اسبريسو - اصدار خاص,0.8608889176485219
128,4,153,فرن كهربايي 60 لتر - اصدار خاص,0.8397653348280537
128,5,27,فرن كهربايي 60 لتر,0.7779791289334327
129,1,19,تيشيرت بولو قطن,0.9495886522996895
129,2,121,حذاء رياضي مريح - اصدار خاص,0.9492178555974706
129,3,166,فستان سهره انيق - اصدار خاص,0.9272999497457971
129,4,158,فستان سهره انيق - اصدار خاص,0.9112766532956054
129,5,100,حقيبه يد جلديه - اصدار خاص,0.9092088895144311
130,1,154,ثلاجه نوفروست 350 لتر - اصدار خاص,0.9317668627556028
130,2,162,ثلاجه نوفروست 350 لتر - اصدار خاص,0.8967542746486832
130,3,134,ثلاجه نوفروست 350 لتر - اصدار خاص,0.8660781431730391
130,4,178,مكيف هواء انفيرتر 18000 - اصدار خاص,0.8598370964753523
130,5,176,فرن كهربايي 60 لتر - اصدار خاص,0.8432843277665942
131,1,139,حقيبه رياضيه جيم - اصدار خاص,0.8720623872196782
131,2,118,حصيره يوغا مضاده للانزلاق - اصدار خاص,0.8271522885336271
131,3,159,حصيره يوغا مضاده للانزلاق - اصدار خاص,0.8215158301085069
131,4,71,حصيره يوغا مضاده للانزلاق - اصدار خاص,0.7947654550601365
131,5,165,حذاء جري احترافي - اصدار خاص,0.7938647862499054
132,1,189,مزيل عرق رول اون - اصدار خاص,0.9681127434962398
132,2,122,طقم مكياج احترافي - اصدار خاص,0.9124206058084429
132,3,149,طقم مكياج احترافي - اصدار خاص,0.869713381319231
132,4,104,قناع وجه كولاجين - اصدار خاص,0.8583141471297915
132,5,199,زيت ارغان طبيعي - اصدار خاص,0.8502183024013797
133,1,196,اطلس العالم المصور - اصدار خاص,0.8568623894045279
133,2,59,كتاب تطوير الذات والتحفيز,0.8506007801743274
133,3,88,دوره برمجه اكاديميه USB - اصدار خاص,0.8491642222919732
133,4,99,مجموعه كتب الطفل التعليميه - اصدار خاص,0.8424620532362781
133,5,120,روايه عربيه بيست سيلر - اصدار خاص,0.8399481065983916
134,1,178,مكيف هواء انفيرتر 18000 - اصدار خاص,0.9291400990026251
134,2,61,فرن كهربايي 60 لتر - اصدار خاص,0.8710006739701407
134,3,130,ثلاجه نوفروست 350 لتر - اصدار خاص,0.8660781431730391
134,4,154,ثلاجه نوفروست 350 لتر - اصدار خاص,0.8597575181627615
134,5,136,فرن كهربايي 60 لتر - اصدار خاص,0.7784593557788952
135,1,82,مجموعه سكاكين مطبخ - اصدار خاص,0.9673587669921193
135,2,106,فرن كهربايي 60 لتر - اصدار خاص,0.9219267450449933
135,3,65,مكنسه كهرباييه لاسلكيه - اصدار خاص,0.9108122888229413
135,4,70,فرن كهربايي 60 لتر - اصدار خاص,0.9049522508575505
135,5,85,ماكينه قهوه اسبريسو - اصدار خاص,0.8686819349875349
136,1,197,مكيف هواء انفيرتر 18000 - اصدار خاص,0.9248763213266487
136,2,61,فرن كهربايي 60 لتر - اصدار خاص,0.9038609974145912
136,3,176,فرن كهربايي 60 لتر - اصدار خاص,0.9004642313223892
136,4,91,فرن كهربايي 60 لتر - اصدار خاص,0.8806487392702369
136,5,119,ماكينه قهوه اسبريسو - اصدار خاص,0.8772484609001395
137,1,185,سماعات لاسلكيه - اصدار خاص,0.9336621870386421
137,2,102,تابلت 10 انش - اصدار خاص,0.7594014397575981
137,3,81,شاشه 4K 27 انش - اصدار خاص,0.6848480088676372
137,4,194,ساعه ذكيه سبورت - اصدار خاص,0.6330534089767694
137,5,7,كاميرا ميرورليس,0.5603735488591907
138,1,96,دراجه هواييه جبليه - اصدار خاص,0.9345291430866269
138,2,105,حقيبه رياضيه جيم - اصدار خاص,0.7939914439241609
138,3,114,حقيبه رياضيه جيم - اصدار خاص,0.7861379627186865
138,4,44,جهاز مشي كهربايي,0.7600739487399695
138,5,188,جهاز مشي كهربايي - اصدار خاص,0.7189998403895335
139,1,71,حصيره يوغا مضاده للانزلاق - اصدار خاص,0.9787264936604676
139,2,165,حذاء جري احترافي - اصدار خاص,0.9593010037112147
139,3,159,حصيره يوغا مضاده للانزلاق - اصدار خاص,0.948972972641459
139,4,86,لباس رياضي ضاغط - اصدار خاص,0.9326646828366438
139,5,98,اوزان حديد طقم 20 كيلو - اصدار خاص,0.9125503274453503
140,1,116,قناع وجه كولاجين - اصدار خاص,0.8655119416674792
140,2,187,عطر رجالي عودي - اصدار خاص,0.8643983591061604
140,3,179,مجموعه عنايه بالشعر - اصدار خاص,0.8168103554259388
140,4,64,عطر رجالي عودي - اصدار خاص,0.7931155342096866
140,5,182,سيروم فيتامين سي - اصدار خاص,0.7884473601474111
141,1,75,تابلت 10 انش - اصدار خاص,0.920651102812445
141,2,115,شاحن لاسلكي سريع - اصدار خاص,0.8383578436327106
141,3,8,مكبر صوت بلوتوث,0.8307969886607491
141,4,161,شاحن لاسلكي سريع - اصدار خاص,0.8269358554468925
141,5,5,تابلت 10 انش,0.8092230517065293
142,1,161,شاحن لاسلكي سريع - اصدار خاص,0.9811484162960404
142,2,68,تابلت 10 انش - اصدار خاص,0.9336280069458057
142,3,75,تابلت 10 انش - اصدار خاص,0.8659681349965294
142,4,115,شاحن لاسلكي سريع - اصدار خاص,0.8363155309981587
142,5,126,شاحن لاسلكي سريع - اصدار خاص,0.8124366325775065
143,1,187,عطر رجالي عودي - اصدار خاص,0.978183467753417
143,2,160,زيت ارغان طبيعي - اصدار خاص,0.8930322560805368
143,3,116,قناع وجه كولاجين - اصدار خاص,0.8900856577384102
143,4,149,طقم مكياج احترافي - اصدار خاص,0.8785040387030205
143,5,179,مجموعه عنايه بالشعر - اصدار خاص,0.8596518375049095
144,1,92,موسوعه التاريخ الاسلامي - اصدار خاص,0.9382594508995736
144,2,175,مجموعه كتب الطفل التعليميه - اصدار خاص,0.9281390761825261
144,3,60,اطلس العالم المصور,0.908801326350174
144,4,58,كتاب الطبخ العربي التقليدي,0.9006444597101517
144,5,193,مجموعه كتب الطفل التعليميه - اصدار خاص,0.8999283627336496
145,1,74,كتاب الطبخ العربي التقليدي - اصدار خاص,0.9453503654941406
145,2,120,روايه عربيه بيست سيلر - اصدار خاص,0.9396449818821849
145,3,99,مجموعه كتب الطفل التعليميه - اصدار خاص,0.9011569664231729
145,4,163,دوره برمجه اكاديميه USB - اصدار خاص,0.8912632977611565
145,5,92,موسوعه التاريخ الاسلامي - اصدار خاص,0.8806276709053704
146,1,123,عداد خطوات ذكي - اصدار خاص,0.916434173599031
146,2,157,جهاز قياس ضغط الدم - اصدار خاص,0.8961811256945545
146,3,117,حصيره يوغا مضاده للانزلاق - اصدار خاص,0.8882900158656607
146,4,114,حقيبه رياضيه جيم - اصدار خاص,0.86478468298314
146,5,76,حقيبه رياضيه جيم - اصدار خاص,0.8423862829111224
147,1,108,كاميرا ميرورليس - اصدار خاص,0.9268732813880134
147,2,112,شاشه 4K 27 انش - اصدار خاص,0.8840214308296395
147,3,124,كاميرا ميرورليس - اصدار خاص,0.8676232570639533
147,4,107,كاميرا ميرورليس - اصدار خاص,0.8399293602845124
147,5,69,لابتوب الترا سليم - اصدار خاص,0.8391800005468975
148,1,45,كره قدم رسميه فيفا,0.9489385820151935
148,2,117,حصيره يوغا مضاده للانزلاق - اصدار خاص,0.9206791204823361
148,3,123,عداد خطوات ذكي - اصدار خاص,0.9020386839213783
148,4,157,جهاز قياس ضغط الدم - اصدار خاص,0.8747984779255176
148,5,188,جهاز مشي كهربايي - اصدار خاص,0.8628083610056084
149,1,179,مجموعه عنايه بالشعر - اصدار خاص,0.9087738240243481
149,2,116,قناع وجه كولاجين - اصدار خاص,0.8968782743407806
149,3,187,عطر رجالي عودي - اصدار خاص,0.8915556901574191
149,4,122,طقم مكياج احترافي - اصدار خاص,0.8845168449232872
149,5,143,عطر رجالي عودي - اصدار خاص,0.8785040387030205
150,1,200,موسوعه التاريخ الاسلامي - اصدار خاص,0.9366389528165997
150,2,94,قاموس عربي انجليزي شامل - اصدار خاص,0.9294423722584962
150,3,59,كتاب تطوير الذات والتحفيز,0.9106726137166514
150,4,55,روايه عربيه بيست سيلر,0.9021489871016645
150,5,99,مجموعه كتب الطفل التعليميه - اصدار خاص,0.8733414903271958
151,1,196,اطلس العالم المصور - اصدار خاص,0.9666530625470078
151,2,193,مجموعه كتب الطفل التعليميه - اصدار خاص,0.9615171481734248
151,3,163,دوره برمجه اكاديميه USB - اصدار خاص,0.9290071106321119
151,4,120,روايه عربيه بيست سيلر - اصدار خاص,0.9116403582451196
151,5,77,دوره برمجه اكاديميه USB - اصدار خاص,0.8852158748530392
152,1,66,قميص قطني كلاسيكي - اصدار خاص,0.9477297866204534
152,2,73,فستان سهره انيق - اصدار خاص,0.9321074393959978
152,3,164,حقيبه يد جلديه - اصدار خاص,0.9089915224255608
152,4,125,شال كشمير ناعم - اصدار خاص,0.9024808023817326
152,5,169,فستان سهره انيق - اصدار خاص,0.8717237779312991
153,1,195,فرن كهربايي 60 لتر - اصدار خاص,0.9280494885679618
153,2,101,مجموعه سكاكين مطبخ - اصدار خاص,0.8978041029132275
153,3,170,فرن كهربايي 60 لتر - اصدار خاص,0.8740003026136132
153,4,80,ماكينه قهوه اسبريسو - اصدار خاص,0.8472996375166849
153,5,128,مكواه بخاريه احترافيه - اصدار خاص,0.8397653348280537
154,1,130,ثلاجه نوفروست 350 لتر - اصدار خاص,0.9317668627556028
154,2,178,مكيف هواء انفيرتر 18000 - اصدار خاص,0.9144529385716926
154,3,23,ثلاجه نوفروست 350 لتر,0.9129307860060776
154,4,162,ثلاجه نوفروست 350 لتر - اصدار خاص,0.8813594743027573
154,5,134,ثلاجه نوفروست 350 لتر - اصدار خاص,0.8597575181627615
155,1,184,حذاء رسمي جلد - اصدار خاص,0.961620193228983
155,2,169,فستان سهره انيق - اصدار خاص,0.9299267975328596
155,3,83,فستان سهره انيق - اصدار خاص,0.9285981479695022
155,4,11,قميص قطني كلاسيكي,0.9228372400826648
155,5,73,فستان سهره انيق - اصدار خاص,0.8954973584739323
156,1,93,شال كشمير ناعم - اصدار خاص,0.9666023486102484
156,2,158,فستان سهره انيق - اصدار خاص,0.9459942093032421
156,3,180,شال كشمير ناعم - اصدار خاص,0.9455645270918092
156,4,100,حقيبه يد جلديه - اصدار خاص,0.9443785722485133
156,5,166,فستان سهره انيق - اصدار خاص,0.9288094804114179
157,1,123,عداد خطوات ذكي - اصدار خاص,0.9427316172667375
157,2,114,حقيبه رياضيه جيم - اصدار خاص,0.904660384475763
157,3,146,اوزان حديد طقم 20 كيلو - اصدار خاص,0.8961811256945545
157,4,105,حقيبه رياضيه جيم - اصدار خاص,0.8860089869451284
157,5,148,حذاء جري احترافي - اصدار خاص,0.8747984779255176
158,1,100,حقيبه يد جلديه - اصدار خاص,0.9702018881920147
158,2,156,قميص قطني كلاسيكي - اصدار خاص,0.9459942093032421
158,3,166,فستان سهره انيق - اصدار خاص,0.9333174541923351
158,4,198,حقيبه يد جلديه - اصدار خاص,0.9294903025971468
158,5,93,شال كشمير ناعم - اصدار خاص,0.9166248578365281
159,1,139,حقيبه رياضيه جيم - اصدار خاص,0.948972972641459
159,2,71,حصيره يوغا مضاده للانزلاق - اصدار خاص,0.9286012639612468
159,3,86,لباس رياضي ضاغط - اصدار خاص,0.927677168253187
159,4,110,جهاز قياس ضغط الدم - اصدار خاص,0.9229853593690696
159,5,165,حذاء جري احترافي - اصدار خاص,0.9100646061369149
160,1,143,عطر رجالي عودي - اصدار خاص,0.8930322560805368
160,2,187,عطر رجالي عودي - اصدار خاص,0.8812820672307616
160,3,64,عطر رجالي عودي - اصدار خاص,0.8609127116450714
160,4,104,قناع وجه كولاجين - اصدار خاص,0.849162678283725
160,5,40,مزيل عرق رول اون,0.8380659564659642
161,1,142,مكبر صوت بلوتوث - اصدار خاص,0.9811484162960404
161,2,68,تابلت 10 انش - اصدار خاص,0.9181459868365378
161,3,75,تابلت 10 انش - اصدار خاص,0.9063752652157542
161,4,115,شاحن لاسلكي سريع - اصدار خاص,0.8578667206313102
161,5,141,ساعه ذكيه سبورت - اصدار خاص,0.8269358554468925
162,1,85,ماكينه قهوه اسبريسو - اصدار خاص,0.9482388970923317
162,2,119,ماكينه قهوه اسبريسو - اصدار خاص,0.9011890708556183
162,3,130,ثلاجه نوفروست 350 لتر - اصدار خاص,0.8967542746486832
162,4,176,فرن كهربايي 60 لتر - اصدار خاص,0.8920804602439604
162,5,178,مكيف هواء انفيرتر 18000 - اصدار خاص,0.8851077589263615
163,1,196,اطلس العالم المصور - اصدار خاص,0.9546808031565706
163,2,193,مجموعه كتب الطفل التعليميه - اصدار خاص,0.9529520489850711
163,3,77,دوره برمجه اكاديميه USB - اصدار خاص,0.9481422953787277
163,4,92,موسوعه التاريخ الاسلامي - اصدار خاص,0.9320278553796871
163,5,151,كتاب تطوير الذات والتحفيز - اصدار خاص,0.9290071106321119
164,1,66,قميص قطني كلاسيكي - اصدار خاص,0.9683034210680158
164,2,121,حذاء رياضي مريح - اصدار خاص,0.946836890083565
164,3,12,فستان سهره انيق,0.928468000703388
164,4,100,حقيبه يد جلديه - اصدار خاص,0.9246340805140604
164,5,198,حقيبه يد جلديه - اصدار خاص,0.9198758457421669
165,1,139,حقيبه رياضيه جيم - اصدار خاص,0.9593010037112147
165,2,71,حصيره يوغا مضاده للانزلاق - اصدار خاص,0.9568656444115489
165,3,86,لباس رياضي ضاغط - اصدار خاص,0.946680809916725
165,4,98,اوزان حديد طقم 20 كيلو - اصدار خاص,0.9189364698032538
165,5,49,جهاز قياس ضغط الدم,0.9118025890592665
166,1,19,تيشيرت بولو قطن,0.9397532889760678
166,2,158,فستان سهره انيق - اصدار خاص,0.9333174541923351
166,3,156,قميص قطني كلاسيكي - اصدار خاص,0.9288094804114179
166,4,129,تيشيرت بولو قطن - اصدار خاص,0.9272999497457971
166,5,100,حقيبه يد جلديه - اصدار خاص,0.9266388361317786
167,1,45,كره قدم رسميه فيفا,0.894860981997032
167,2,148,حذاء جري احترافي - اصدار خاص,0.8560285265106335
167,3,173,حذاء جري احترافي - اصدار خاص,0.8264628290796514
167,4,123,عداد خطوات ذكي - اصدار خاص,0.8207532632734196
167,5,117,حصيره يوغا مضاده للانزلاق - اصدار خاص,0.7743433814987775
168,1,24,مكنسه كهرباييه لاسلكيه,0.9059710611373358
168,2,61,فرن كهربايي 60 لتر - اصدار خاص,0.8583514432715712
168,3,80,ماكينه قهوه اسبريسو - اصدار خاص,0.8543890677154748
168,4,136,فرن كهربايي 60 لتر - اصدار خاص,0.8533008904480739
168,5,170,فرن كهربايي 60 لتر - اصدار خاص,0.8425459997501087
169,1,83,فستان سهره انيق - اصدار خاص,0.9644161212378916
169,2,73,فستان سهره انيق - اصدار خاص,0.9636625973145305
169,3,155,حذاء رياضي مريح - اصدار خاص,0.9299267975328596
169,4,17,شال كشمير ناعم,0.924963141854547
169,5,66,قميص قطني كلاسيكي - اصدار خاص,0.9187422685001827
170,1,61,فرن كهربايي 60 لتر - اصدار خاص,0.9050868710730353
170,2,153,فرن كهربايي 60 لتر - اصدار خاص,0.8740003026136132
170,3,197,مكيف هواء انفيرتر 18000 - اصدار خاص,0.8555369749924708
170,4,168,مجموعه سكاكين مطبخ - اصدار خاص,0.8425459997501087
170,5,24,مكنسه كهرباييه لاسلكيه,0.8406628045017795
171,1,186,كتاب الطبخ العربي التقليدي - اصدار خاص,0.9230257947015565
171,2,99,مجموعه كتب الطفل التعليميه - اصدار خاص,0.910449782320627
171,3,144,كتاب تطوير الذات والتحفيز - اصدار خاص,0.8840662004373516
171,4,77,دوره برمجه اكاديميه USB - اصدار خاص,0.8822719036755318
171,5,89,كتاب رياده الاعمال والنجاح - اصدار خاص,0.8816156371106696
172,1,175,مجموعه كتب الطفل التعليميه - اصدار خاص,0.9699053510676829
172,2,92,موسوعه التاريخ الاسلامي - اصدار خاص,0.9427583195364369
172,3,193,مجموعه كتب الطفل التعليميه - اصدار خاص,0.9319617947097862
172,4,120,روايه عربيه بيست سيلر - اصدار خاص,0.9293652946514563
172,5,163,دوره برمجه اكاديميه USB - اصدار خاص,0.9133888353183883
173,1,123,عداد خطوات ذكي - اصدار خاص,0.8932252761807695
173,2,45,كره قدم رسميه فيفا,0.8857108239133362
173,3,86,لباس رياضي ضاغط - اصدار خاص,0.8496706207755045
173,4,157,جهاز قياس ضغط الدم - اصدار خاص,0.8376692100336685
173,5,167,حقيبه رياضيه جيم - اصدار خاص,0.8264628290796514
174,1,126,شاحن لاسلكي سريع - اصدار خاص,0.9319515518848036
174,2,97,هاتف ذكي برو ماكس - اصدار خاص,0.900881408503224
174,3,5,تابلت 10 انش,0.8637669972821882
174,4,75,تابلت 10 انش - اصدار خاص,0.8567617286403262
174,5,115,شاحن لاسلكي سريع - اصدار خاص,0.8458143582462038
175,1,172,كتاب رياده الاعمال والنجاح - اصدار خاص,0.9699053510676829
175,2,92,موسوعه التاريخ الاسلامي - اصدار خاص,0.9686780878385504
175,3,120,روايه عربيه بيست سيلر - اصدار خاص,0.9444936417084769
175,4,193,مجموعه كتب الطفل التعليميه - اصدار خاص,0.930185021237399
175,5,59,كتاب تطوير الذات والتحفيز,0.9298466933414256
176,1,136,فرن كهربايي 60 لتر - اصدار خاص,0.9004642313223892
176,2,119,ماكينه قهوه اسبريسو - اصدار خاص,0.8988822197996352
176,3,162,ثلاجه نوفروست 350 لتر - اصدار خاص,0.8920804602439604
176,4,111,مكواه بخاريه احترافيه - اصدار خاص,0.8861130709129069
176,5,82,مجموعه سكاكين مطبخ - اصدار خاص,0.8656001628116969
177,1,69,لابتوب الترا سليم - اصدار خاص,0.9574035066688116
177,2,107,كاميرا ميرورليس - اصدار خاص,0.9538868911139106
177,3,124,كاميرا ميرورليس - اصدار خاص,0.924382062057264
177,4,108,كاميرا ميرورليس - اصدار خاص,0.9023010624140331
177,5,102,تابلت 10 انش - اصدار خاص,0.8847089616836972
178,1,134,ثلاجه نوفروست 350 لتر - اصدار خاص,0.9291400990026251
178,2,154,ثلاجه نوفروست 350 لتر - اصدار خاص,0.9144529385716926
178,3,162,ثلاجه نوفروست 350 لتر - اصدار خاص,0.8851077589263615
178,4,191,غساله اوتوماتيك 8 كيلو - اصدار خاص,0.880163454806798
178,5,130,ثلاجه نوفروست 350 لتر - اصدار خاص,0.8598370964753523
179,1,116,قناع وجه كولاجين - اصدار خاص,0.9768802644917172
179,2,187,عطر رجالي عودي - اصدار خاص,0.9278828742721301
179,3,149,طقم مكياج احترافي - اصدار خاص,0.9087738240243481
179,4,39,قناع وجه كولاجين,0.8664466632722118
179,5,143,عطر رجالي عودي - اصدار خاص,0.8596518375049095
180,1,93,شال كشمير ناعم - اصدار خاص,0.9673008876273739
180,2,156,قميص قطني كلاسيكي - اصدار خاص,0.9455645270918092
180,3,125,شال كشمير ناعم - اصدار خاص,0.9292359034466349
180,4,11,قميص قطني كلاسيكي,0.9081505814968887
180,5,155,حذاء رياضي مريح - اصدار خاص,0.8842226719561057
181,1,109,قناع وجه كولاجين - اصدار خاص,0.9523228389489045
181,2,87,طقم مكياج احترافي - اصدار خاص,0.9071326354049756
181,3,34,طقم مكياج احترافي,0.8745657856170626
181,4,64,عطر رجالي عودي - اصدار خاص,0.8683953784061444
181,5,72,كريم مرطب SPF 50 - اصدار خاص,0.8418566849912533
182,1,78,عطر رجالي عودي - اصدار خاص,0.9533755762664731
182,2,183,كريم مرطب SPF 50 - اصدار خاص,0.9366288482417385
182,3,109,قناع وجه كولاجين - اصدار خاص,0.8830611559789818
182,4,40,مزيل عرق رول اون,0.8687719891709162
182,5,64,عطر رجالي عودي - اصدار خاص,0.8447018540348283
183,1,182,سيروم فيتامين سي - اصدار خاص,0.9366288482417385
183,2,40,مزيل عرق رول اون,0.9351781881655972
183,3,78,عطر رجالي عودي - اصدار خاص,0.8636958175181061
183,4,72,كريم مرطب SPF 50 - اصدار خاص,0.7877579975619371
183,5,160,زيت ارغان طبيعي - اصدار خاص,0.7820142419436533
184,1,155,حذاء رياضي مريح - اصدار خاص,0.961620193228983
184,2,103,بنطلون جينز سليم فيت - اصدار خاص,0.9195490391472966
184,3,11,قميص قطني كلاسيكي,0.8748876118465022
184,4,169,فستان سهره انيق - اصدار خاص,0.8728697880857731
184,5,83,فستان سهره انيق - اصدار خاص,0.8675635685794238
185,1,137,راوتر واي فاي 6 - اصدار خاص,0.9336621870386421
185,2,194,ساعه ذكيه سبورت - اصدار خاص,0.7852970030024328
185,3,102,تابلت 10 انش - اصدار خاص,0.7765719535428346
185,4,115,شاحن لاسلكي سريع - اصدار خاص,0.6785004017348789
185,5,7,كاميرا ميرورليس,0.675542907604297
186,1,171,موسوعه التاريخ الاسلامي - اصدار خاص,0.9230257947015565
186,2,193,مجموعه كتب الطفل التعليميه - اصدار خاص,0.9106247326511641
186,3,151,كتاب تطوير الذات والتحفيز - اصدار خاص,0.8846358149837662
186,4,196,اطلس العالم المصور - اصدار خاص,0.8684263532766823
186,5,99,مجموعه كتب الطفل التعليميه - اصدار خاص,0.8553134722939258
187,1,143,عطر رجالي عودي - اصدار خاص,0.978183467753417
187,2,116,قناع وجه كولاجين - اصدار خاص,0.9544027523100348
187,3,179,مجموعه عنايه بالشعر - اصدار خاص,0.9278828742721301
187,4,149,طقم مكياج احترافي - اصدار خاص,0.8915556901574191
187,5,160,زيت ارغان طبيعي - اصدار خاص,0.8812820672307616
188,1,148,حذاء جري احترافي - اصدار خاص,0.8628083610056084
188,2,45,كره قدم رسميه فيفا,0.7870236640011168
188,3,96,دراجه هواييه جبليه - اصدار خاص,0.741832019320829
188,4,157,جهاز قياس ضغط الدم - اصدار خاص,0.7355846831724215
188,5,138,جهاز مشي كهربايي - اصدار خاص,0.7189998403895335
189,1,132,عطر رجالي عودي - اصدار خاص,0.9681127434962398
189,2,199,زيت ارغان طبيعي - اصدار خاص,0.9133468795882349
189,3,122,طقم مكياج احترافي - اصدار خاص,0.9089597943218883
189,4,104,قناع وجه كولاجين - اصدار خاص,0.8980179211547749
189,5,149,طقم مكياج احترافي - اصدار خاص,0.8379283907539672
190,1,121,حذاء رياضي مريح - اصدار خاص,0.9621692147027532
190,2,20,حذاء رسمي جلد,0.9544747427340432
190,3,164,حقيبه يد جلديه - اصدار خاص,0.9014641941877952
190,4,129,تيشيرت بولو قطن - اصدار خاص,0.897793989719449
190,5,13,بنطلون جينز سليم فيت,0.8840769778040951
191,1,178,مكيف هواء انفيرتر 18000 - اصدار خاص,0.880163454806798
191,2,85,ماكينه قهوه اسبريسو - اصدار خاص,0.7767759333389472
191,3,153,فرن كهربايي 60 لتر - اصدار خاص,0.7674431010869439
191,4,170,فرن كهربايي 60 لتر - اصدار خاص,0.7597579799270779
191,5,162,ثلاجه نوفروست 350 لتر - اصدار خاص,0.754949836440226
192,1,59,كتاب تطوير الذات والتحفيز,0.877072859799131
192,2,200,موسوعه التاريخ الاسلامي - اصدار خاص,0.8721451573231
192,3,150,اطلس العالم المصور - اصدار خاص,0.8656312580231381
192,4,145,قاموس عربي انجليزي شامل - اصدار خاص,0.8636872873388329
192,5,74,كتاب الطبخ العربي التقليدي - اصدار خاص,0.8598486662742562
193,1,151,كتاب تطوير الذات والتحفيز - اصدار خاص,0.9615171481734248
193,2,92,موسوعه التاريخ الاسلامي - اصدار خاص,0.9574913614239036
193,3,196,اطلس العالم المصور - اصدار خاص,0.953619318861143
193,4,163,دوره برمجه اكاديميه USB - اصدار خاص,0.9529520489850711
193,5,77,دوره برمجه اكاديميه USB - اصدار خاص,0.9526697868513704
194,1,90,شاشه 4K 27 انش - اصدار خاص,0.8049877684605188
194,2,7,كاميرا ميرورليس,0.7951159397532273
194,3,185,سماعات لاسلكيه - اصدار خاص,0.7852970030024328
194,4,102,تابلت 10 انش - اصدار خاص,0.7851116386734912
194,5,81,شاشه 4K 27 انش - اصدار خاص,0.7048218625731754
195,1,153,فرن كهربايي 60 لتر - اصدار خاص,0.9280494885679618
195,2,128,مكواه بخاريه احترافيه - اصدار خاص,0.9148926785413692
195,3,80,ماكينه قهوه اسبريسو - اصدار خاص,0.8441249104670498
195,4,170,فرن كهربايي 60 لتر - اصدار خاص,0.8383405361731191
195,5,101,مجموعه سكاكين مطبخ - اصدار خاص,0.8310869976118079
196,1,151,كتاب تطوير الذات والتحفيز - اصدار خاص,0.9666530625470078
196,2,163,دوره برمجه اكاديميه USB - اصدار خاص,0.9546808031565706
196,3,193,مجموعه كتب الطفل التعليميه - اصدار خاص,0.953619318861143
196,4,77,دوره برمجه اكاديميه USB - اصدار خاص,0.9301698295387816
196,5,120,روايه عربيه بيست سيلر - اصدار خاص,0.8966229793219973
197,1,70,فرن كهربايي 60 لتر - اصدار خاص,0.931079290716344
197,2,136,فرن كهربايي 60 لتر - اصدار خاص,0.9248763213266487
197,3,119,ماكينه قهوه اسبريسو - اصدار خاص,0.8787522261744688
197,4,162,ثلاجه نوفروست 350 لتر - اصدار خاص,0.8599352329623937
197,5,61,فرن كهربايي 60 لتر - اصدار خاص,0.8587693209225336
198,1,100,حقيبه يد جلديه - اصدار خاص,0.9849707602429629
198,2,121,حذاء رياضي مريح - اصدار خاص,0.9331404299263929
198,3,158,فستان سهره انيق - اصدار خاص,0.9294903025971468
198,4,12,فستان سهره انيق,0.920398437174177
198,5,164,حقيبه يد جلديه - اصدار خاص,0.9198758457421669
199,1,104,قناع وجه كولاجين - اصدار خاص,0.9867745238094339
199,2,189,مزيل عرق رول اون - اصدار خاص,0.9133468795882349
199,3,132,عطر رجالي عودي - اصدار خاص,0.8502183024013797
199,4,181,عطر رجالي عودي - اصدار خاص,0.8097111561267005
199,5,160,زيت ارغان طبيعي - اصدار خاص,0.7775368036244912
200,1,84,كتاب الطبخ العربي التقليدي - اصدار خاص,0.9694749424652034
200,2,59,كتاب تطوير الذات والتحفيز,0.9661651743855494
200,3,150,اطلس العالم المصور - اصدار خاص,0.9366389528165997
200,4,175,مجموعه كتب الطفل التعليميه - اصدار خاص,0.9193073567437262
200,5,55,روايه عربيه بيست سيلر,0.9157353272706666
